-- phpMyAdmin SQL Dump
-- version 4.5.4.1
-- http://www.phpmyadmin.net
--
-- Host: localhost
-- Generation Time: Apr 30, 2018 at 02:45 PM
-- Server version: 5.7.11
-- PHP Version: 7.0.3

SET SQL_MODE = "NO_AUTO_VALUE_ON_ZERO";
SET time_zone = "+00:00";


/*!40101 SET @OLD_CHARACTER_SET_CLIENT=@@CHARACTER_SET_CLIENT */;
/*!40101 SET @OLD_CHARACTER_SET_RESULTS=@@CHARACTER_SET_RESULTS */;
/*!40101 SET @OLD_COLLATION_CONNECTION=@@COLLATION_CONNECTION */;
/*!40101 SET NAMES utf8mb4 */;

--
-- Database: `mrs`
--

-- --------------------------------------------------------

--
-- Table structure for table `barangays`
--

CREATE TABLE `barangays` (
  `barangay_id` int(10) NOT NULL,
  `barangay_municipality` int(10) DEFAULT NULL,
  `barangay_code` varchar(10) DEFAULT NULL,
  `barangay_description` varchar(100) DEFAULT NULL,
  `update_log` datetime DEFAULT NULL
) ENGINE=InnoDB DEFAULT CHARSET=latin1;

--
-- Dumping data for table `barangays`
--

INSERT INTO `barangays` (`barangay_id`, `barangay_municipality`, `barangay_code`, `barangay_description`, `update_log`) VALUES
(1, 9, '001', 'BARANGAY I', NULL),
(2, 9, '002', 'BARANGAY II', NULL),
(3, 9, '003', 'BARANGAY III', NULL),
(4, 9, '004', 'BARANGAY IV', NULL),
(5, 9, '005', 'ABUT', NULL),
(6, 9, '006', 'APALENG', NULL),
(7, 9, '007', 'BACSIL', NULL),
(8, 9, '008', 'BANGBANGOLAN', NULL),
(9, 9, '009', 'BANGCUSAY', NULL),
(10, 9, '010', 'BARAOAS', NULL),
(11, 9, '011', 'BATO', NULL),
(12, 9, '012', 'BIDAY', NULL),
(13, 9, '013', 'BIRUNGET', NULL),
(14, 9, '014', 'BUNGRO', NULL),
(15, 9, '015', 'CABAROAN', NULL),
(16, 9, '016', 'CABARSICAN', NULL),
(17, 9, '017', 'CALABUGAO', NULL),
(18, 9, '018', 'CADACLAN', NULL),
(19, 9, '019', 'CAMANSI', NULL),
(20, 9, '020', 'CANAOAY', NULL),
(21, 9, '021', 'CARLATAN', NULL),
(22, 9, '022', 'CATBANGEN', NULL),
(23, 9, '023', 'DALLANGAYAN ESTE', NULL),
(24, 9, '024', 'DALLANGAYAN OESTE', NULL),
(25, 9, '025', 'DALUMPINAS ESTE', NULL),
(26, 9, '026', 'DALUMPINAS OESTE', NULL),
(27, 9, '027', 'ILOCANOS NORTE', NULL),
(28, 9, '028', 'ILOCANOS SUR', NULL),
(29, 9, '029', 'LANGCUAS', NULL),
(30, 9, '030', 'LINGSAT', NULL),
(31, 9, '031', 'MADAYEGDEG', NULL),
(32, 9, '032', 'MAMELTAC', NULL),
(33, 9, '034', 'NAGYUBUYUBAN', NULL),
(34, 9, '035', 'NAMTUTAN', NULL),
(35, 9, '036', 'NARRA ESTE', NULL),
(36, 9, '037', 'NARRA OESTE', NULL),
(37, 9, '038', 'PACPACO', NULL),
(38, 9, '039', 'PAGDALAGAN', NULL),
(39, 9, '040', 'PAGDARAOAN', NULL),
(40, 9, '041', 'PAGUDPUD', NULL),
(41, 9, '042', 'PAO NORTE', NULL),
(42, 9, '043', 'PAO SUR', NULL),
(43, 9, '044', 'PARIAN', NULL),
(44, 9, '045', 'PIAS', NULL),
(45, 9, '046', 'PORO', NULL),
(46, 9, '047', 'PUSPUS', NULL),
(47, 9, '048', 'SACYUD', NULL),
(48, 9, '049', 'SAGAYAD', NULL),
(49, 9, '050', 'SAN AGUSTIN', NULL),
(50, 9, '051', 'SAN FRANCISCO', NULL),
(51, 9, '052', 'SANTIAGO NORTE', NULL),
(52, 9, '053', 'SANTIAGO SUR', NULL),
(53, 9, '054', 'SAN VICENTE', NULL),
(54, 9, '055', 'SAOAY', NULL),
(55, 9, '056', 'SEVILLA', NULL),
(56, 9, '057', 'SIBUAN OTONG', NULL),
(57, 9, '058', 'TANQUI', NULL),
(58, 9, '059', 'TANQUIGAN', NULL),
(59, 16, '061', 'BALAWARTE', NULL),
(60, 16, '062', 'CAPAS', NULL),
(61, 16, '063', 'CONSOLACION', NULL),
(62, 16, '064', 'MACALVA CENTRAL', NULL),
(63, 16, '065', 'MACALVA NORTE', NULL),
(64, 16, '066', 'AMBITACAY', NULL),
(65, 16, '067', 'MACALVA SUR', NULL),
(66, 16, '068', 'NAZARENO', NULL),
(67, 16, '069', 'PUROC', NULL),
(68, 16, '070', 'SAN AGUSTIN EAST', NULL),
(69, 16, '071', 'SAN AGUSTIN NORTE', NULL),
(70, 16, '072', 'SAN AGUSTIN SUR', NULL),
(71, 16, '073', 'SAN ANTONIO', NULL),
(72, 16, '074', 'SAN ANTONINO', NULL),
(73, 16, '075', 'SAN FRANCISCO', NULL),
(74, 16, '076', 'SAN ISIDRO', NULL),
(75, 16, '077', 'SAN JOAQUIN NORTE', NULL),
(76, 16, '078', 'SAN JOAQUIN SUR', NULL),
(77, 16, '079', 'SAN JOSE NORTE', NULL),
(78, 16, '080', 'SAN JOSE SUR', NULL),
(79, 16, '081', 'SAN JUAN', NULL),
(80, 16, '082', 'SAN JULIAN CENTRAL', NULL),
(81, 16, '083', 'SAN JULIAN EAST', NULL),
(82, 16, '084', 'SAN JULIAN NORTE', NULL),
(83, 16, '085', 'SAN JULIAN WEST', NULL),
(84, 16, '086', 'SAN MANUEL NORTE', NULL),
(85, 16, '087', 'SAN MANUEL SUR', NULL),
(86, 16, '088', 'SAN MARCOS', NULL),
(87, 16, '089', 'SAN MIGUEL', NULL),
(88, 16, '090', 'SAN NICOLAS CENTRAL', NULL),
(89, 16, '091', 'SAN NICOLAS EAST', NULL),
(90, 16, '092', 'SAN NICOLAS NORTE', NULL),
(91, 16, '093', 'SAN NICOLAS SUR', NULL),
(92, 16, '094', 'SAN NICOLAS WEST', NULL),
(93, 16, '095', 'SAN PEDRO', NULL),
(94, 16, '096', 'SAN ROQUE EAST', NULL),
(95, 16, '097', 'SAN ROQUE WEST', NULL),
(96, 16, '098', 'SAN VICENTE NORTE', NULL),
(97, 16, '099', 'SAN VICENTE SUR', NULL),
(98, 16, '100', 'STA ANA', NULL),
(99, 16, '101', 'STA BARBARA', NULL),
(100, 16, '102', 'STA FE', NULL),
(101, 16, '103', 'STA MARIA', NULL),
(102, 16, '104', 'STA MONICA', NULL),
(103, 16, '105', 'STA RITA CENTRAL', NULL),
(104, 16, '106', 'STA RITA EAST', NULL),
(105, 16, '107', 'STA RITA NORTE', NULL),
(106, 16, '108', 'STA RITA SUR', NULL),
(107, 16, '109', 'STA RITA WEST', NULL),
(108, 15, '110', 'ALASKA', NULL),
(109, 15, '111', 'BASCA', NULL),
(110, 15, '112', 'DULAO', NULL),
(111, 15, '113', 'GALLANO', NULL),
(112, 15, '114', 'MACABATO', NULL),
(113, 15, '115', 'MANGA', NULL),
(114, 15, '116', 'PANGAO-AOAN WAST', NULL),
(115, 15, '117', 'PANGAO-AOAN WEST', NULL),
(116, 15, '118', 'POBLACION', NULL),
(117, 15, '119', 'STA LUCIA', NULL),
(118, 15, '120', 'SAN ANTONIO', NULL),
(119, 15, '121', 'SAN BENITO NORTE', NULL),
(120, 15, '122', 'SAN BENITO SUR', NULL),
(121, 15, '123', 'SAN EUGENIO', NULL),
(122, 15, '124', 'SAN JUAN EAST', NULL),
(123, 15, '125', 'SAN JUAN WEST', NULL),
(124, 15, '126', 'SAN SIMON EAST', NULL),
(125, 15, '127', 'SAN SIMON WEST', NULL),
(126, 15, '128', 'STA CECILIA', NULL),
(127, 15, '129', 'STA RITA EAST', NULL),
(128, 15, '130', 'STA RITA WEST', NULL),
(129, 15, '131', 'STO ROSARIO EAST', NULL),
(130, 15, '132', 'STO ROSARIO WEST', NULL),
(131, 7, '133', 'AGTIPAL', NULL),
(132, 7, '134', 'BACQUI', NULL),
(133, 7, '135', 'BAGUTOT', NULL),
(134, 7, '136', 'BARORO', NULL),
(135, 7, '137', 'BULALA', NULL),
(136, 7, '138', 'AROSIP', NULL),
(137, 7, '139', 'BACSIL', NULL),
(138, 7, '140', 'BALLOGO', NULL),
(139, 7, '141', 'BITALAG', NULL),
(140, 9, '142', 'BURAYOC', NULL),
(141, 7, '143', 'BUSSAOIT', NULL),
(142, 7, '144', 'CABAROAN', NULL),
(143, 7, '145', 'CABUGAO', NULL),
(144, 7, '146', 'CABARSICAN', NULL),
(145, 7, '147', 'CABARSICAN', NULL),
(146, 7, '148', 'CLUTIT', NULL),
(147, 7, '149', 'CARCARMAY', NULL),
(148, 7, '150', 'CASIAMAN', NULL),
(149, 7, '151', 'GALONGEN', NULL),
(150, 7, '152', 'GUINABANG', NULL),
(151, 7, '153', 'LEGLEG', NULL),
(152, 7, '154', 'LISQUEB', NULL),
(153, 7, '155', 'MABANENGBENG I', NULL),
(154, 7, '156', 'MABANENGBENG II', NULL),
(155, 7, '157', 'MARAGAYAP', NULL),
(156, 7, '158', 'NAGATIRAN', NULL),
(157, 7, '159', 'BAGSARABABOAN', NULL),
(158, 7, '160', 'NAGSIMBAANAN', NULL),
(159, 7, '161', 'NANGALISAN', NULL),
(160, 7, '162', 'NARRA', NULL),
(161, 7, '163', 'ORTEGA', NULL),
(162, 7, '164', 'OYAOAY', NULL),
(163, 7, '165', 'PAAGAN', NULL),
(164, 7, '166', 'PANDAN', NULL),
(165, 7, '167', 'PANGPANG', NULL),
(166, 7, '168', 'POBLACION', NULL),
(167, 7, '169', 'QUIRINO', NULL),
(168, 7, '170', 'RAOIS', NULL),
(169, 7, '171', 'NAGSARABOAN', NULL),
(170, 7, '172', 'SAN MARTIN', NULL),
(171, 7, '173', 'SAPILANG', NULL),
(172, 7, '174', 'SAYOAN', NULL),
(173, 7, '175', 'SIPULO', NULL),
(174, 7, '176', 'SALINCOB', NULL),
(175, 7, '177', 'STA RITA', NULL),
(176, 7, '178', 'STA CRUZ', NULL),
(177, 7, '179', 'TAMMOCALAO', NULL),
(178, 7, '180', 'UBBOG', NULL),
(179, 7, '181', 'ZARAGOSA', NULL),
(180, 13, '182', 'ALIBANGSAY', NULL),
(181, 13, '183', 'BAAY', NULL),
(182, 13, '184', 'CAMBALY', NULL),
(183, 13, '185', 'CARDIZ', NULL),
(184, 13, '186', 'DAGUP', NULL),
(185, 13, '187', 'LIBBO', NULL),
(186, 13, '188', 'TAGUDTUD', NULL),
(187, 13, '190', 'WALLAYAN', NULL),
(188, 13, '191', 'TIOANGAN', NULL),
(189, 3, '192', 'ALMEIDA', NULL),
(190, 3, '193', 'ANTONIO', NULL),
(191, 3, '194', 'APATUT', NULL),
(192, 3, '195', 'AR-ARAMPANG', NULL),
(193, 3, '196', 'BARACBAC ESTE', NULL),
(194, 3, '197', 'BARACBAC OESTE', NULL),
(195, 3, '198', 'BET-ANG', NULL),
(196, 3, '199', 'BULBULALA', NULL),
(197, 3, '200', 'BUNGOL', NULL),
(198, 3, '201', 'BUTUBUT ESTE', NULL),
(199, 3, '202', 'BUTUBUT NORTE', NULL),
(200, 3, '203', 'BUTUBUT OESTE', NULL),
(201, 3, '204', 'BUTUBUT SUR', NULL),
(202, 3, '205', 'CABUA-AN', NULL),
(203, 3, '206', 'CALLIAT', NULL),
(204, 3, '207', 'CALUNGBUYAN', NULL),
(205, 3, '208', 'CAMILING', NULL),
(206, 3, '209', 'CAMILO OSIAS', NULL),
(207, 3, '210', 'GUINABURAN', NULL),
(208, 3, '211', 'MASUPE', NULL),
(209, 3, '212', 'NAGSABARAN NORTE', NULL),
(210, 3, '213', 'NAGSABARAN SUR', NULL),
(211, 3, '214', 'NALASIN', NULL),
(212, 3, '215', 'NAPASET', NULL),
(213, 3, '216', 'PAGBENNECAN', NULL),
(214, 3, '217', 'PAGLEDDEGAN', NULL),
(215, 3, '218', 'PANTAR NORTE', NULL),
(216, 3, '219', 'PANTAR SUR', NULL),
(217, 3, '220', 'PAO', NULL),
(218, 3, '221', 'PARAOIR', NULL),
(219, 3, '222', 'PATPATA', NULL),
(220, 3, '223', 'SABLUT', NULL),
(221, 3, '224', 'SAN PABLO', NULL),
(222, 3, '227', 'SINAPANGAN NORTE', NULL),
(223, 3, '228', 'SINAPANGAN SUR', NULL),
(224, 3, '229', 'TALLIPUGO', NULL),
(225, 2, '225', 'AGDEPPA', NULL),
(226, 2, '226', 'ALZATE', NULL),
(227, 2, '230', 'BANAOILAN EAST', NULL),
(228, 2, '231', 'BANGAOILAN WEST', NULL),
(229, 2, '232', 'BARRACA', NULL),
(230, 2, '233', 'CADAPLI', NULL),
(231, 2, '234', 'CAGGAO', NULL),
(232, 2, '235', 'CENTRAL EAST NO. 1', NULL),
(233, 2, '236', 'CENTRAL EAST NO.2', NULL),
(234, 2, '237', 'CENTRAL WEST NO.1', NULL),
(235, 2, '238', 'CENTRAL WEST NO.2', NULL),
(236, 2, '239', 'CENTRAL WEST NO.3', NULL),
(237, 2, '240', 'CONSUEGRA', NULL),
(238, 2, '241', 'GEN PRIM EAST', NULL),
(239, 2, '242', 'GEN PRIM WEST', NULL),
(240, 2, '243', 'GEN TERRERO', NULL),
(241, 2, '244', 'LUZONG NORTE', NULL),
(242, 2, '245', 'LUZONG SUR', NULL),
(243, 2, '246', 'MA CRISTINA EAST', NULL),
(244, 2, '247', 'MA CRISTINA WEST', NULL),
(245, 2, '248', 'MINDORO', NULL),
(246, 2, '249', 'NAGSABARAN', NULL),
(247, 2, '250', 'PARATONG NORTE', NULL),
(248, 2, '251', 'PARATONG NO.3', NULL),
(249, 2, '252', 'PARATONG NO.4', NULL),
(250, 2, '253', 'QUINTARONG', NULL),
(251, 3, '254', 'REYNA REGENTA', NULL),
(252, 2, '255', 'RISSING', NULL),
(253, 2, '256', 'SAN BLAS', NULL),
(254, 2, '257', 'SAN CRISTOBAL', NULL),
(255, 2, '258', 'SINAPANGAN NORTE', NULL),
(256, 2, '259', 'SINAPANGAN SUR', NULL),
(257, 2, '260', 'UBBOG', NULL),
(258, 10, '261', 'ACAO', NULL),
(259, 10, '262', 'BACCUIT NORTE', NULL),
(260, 10, '263', 'BACCUIT SUR', NULL),
(261, 10, '264', 'BAGBAG', NULL),
(262, 10, '265', 'BALLAY', NULL),
(263, 10, '266', 'BAWANTA', NULL),
(264, 10, '267', 'BOY-UTAN', NULL),
(265, 10, '268', 'BUCAYAB', NULL),
(266, 10, '269', 'CABISILAN', NULL),
(267, 10, '270', 'CABALAYANGAN', NULL),
(268, 10, '271', 'CALUMBAYA', NULL),
(269, 10, '272', 'CARMAY', NULL),
(270, 10, '273', 'CASILAGAN', NULL),
(271, 10, '274', 'CENTRAL EAST', NULL),
(272, 10, '275', 'CENTRAL WEST', NULL),
(273, 10, '276', 'DILI', NULL),
(274, 10, '278', 'DISSOOR', NULL),
(275, 10, '279', 'GUERRERO', NULL),
(276, 10, '280', 'NAGREBCAN', NULL),
(277, 10, '282', 'PAGDALAGAN SUR', NULL),
(278, 10, '286', 'PALINTUCANG', NULL),
(279, 10, '287', 'PALUGSI-LIMMANSANGAN', NULL),
(280, 10, '288', 'PARIAN ESTA', NULL),
(281, 10, '289', 'PARIAN WESTE', NULL),
(282, 10, '290', 'PARINGAO', NULL),
(283, 10, '291', 'PAYOCPOC NORTE ESTE', NULL),
(284, 10, '292', 'PAYOCPOC NORTE WESTE', NULL),
(285, 10, '293', 'PAYOCPOC SUR', NULL),
(286, 10, '294', 'PILAR', NULL),
(287, 10, '295', 'POTTOT', NULL),
(288, 10, '296', 'PUDOC', NULL),
(289, 10, '297', 'PUGO', NULL),
(290, 10, '298', 'QUINAVITE', NULL),
(291, 10, '299', 'SANTIAGO', NULL),
(292, 10, '300', 'STA MONICA', NULL),
(293, 10, '301', 'LOWER SAN AGUSTIN', NULL),
(294, 10, '302', 'UPPER SAN AGUSTIN', NULL),
(295, 10, '303', 'TABERNA', NULL),
(296, 10, '304', 'URAYONG', NULL),
(297, 12, '305', 'AGPAY', NULL),
(298, 12, '306', 'BILIS', NULL),
(299, 12, '307', 'CAOAYAN', NULL),
(300, 12, '308', 'DALACDAC', NULL),
(301, 12, '309', 'DELLES', NULL),
(302, 12, '310', 'IMELDA', NULL),
(303, 12, '311', 'LIBTONG', NULL),
(304, 12, '312', 'LINUAN', NULL),
(305, 12, '313', 'LOWER TUMAPOC', NULL),
(306, 12, '314', 'NEW POBLACION', NULL),
(307, 12, '315', 'OLD POBLACION', NULL),
(308, 12, '316', 'UPPER TUMAPOC', NULL),
(309, 14, '317', 'BAUTISTA', NULL),
(310, 14, '318', 'GANA', NULL),
(311, 14, '319', 'JUAN CARTAS', NULL),
(312, 14, '320', 'LAS-UD', NULL),
(313, 14, '321', 'LIQUICIA', NULL),
(314, 14, '322', 'POBLACION NORTE', NULL),
(315, 14, '323', 'POBLACION SUR', NULL),
(316, 14, '324', 'SAN CARLOS', NULL),
(317, 14, '325', 'SAN CORNELIO', NULL),
(318, 14, '326', 'SAN FERMIN', NULL),
(319, 14, '327', 'SAN GREOGIRO', NULL),
(320, 14, '328', 'SAN JOSE', NULL),
(321, 14, '329', 'SANTIAGO NORTE', NULL),
(322, 14, '330', 'SANTIAGO SUR', NULL),
(323, 14, '331', 'SOBREDILLO', NULL),
(324, 14, '332', 'URAYONG', NULL),
(325, 14, '333', 'WENCESLAO', NULL),
(326, 4, '334', 'ALCALA', NULL),
(327, 4, '335', 'AYAOAN', NULL),
(328, 4, '336', 'BARANGOBONG', NULL),
(329, 4, '337', 'BARRIENTOS', NULL),
(330, 4, '338', 'BARRIENTOS', NULL),
(331, 4, '339', 'BUNGRO', NULL),
(332, 4, '340', 'BUSEL-BUSEL', NULL),
(333, 4, '341', 'CABALITOCAN', NULL),
(334, 4, '342', 'CANTORIA NO.1', NULL),
(335, 4, '343', 'CANTORIA NO.2', NULL),
(336, 4, '344', 'CANTORIA NO.3', NULL),
(337, 4, '345', 'CANTORIA NO.4', NULL),
(338, 4, '346', 'CARISQUIS', NULL),
(339, 4, '347', 'DARIGAYOS', NULL),
(340, 4, '348', 'MAGALLANES', NULL),
(341, 4, '349', 'MAGSIPING', NULL),
(342, 4, '350', 'MAMAY', NULL),
(343, 4, '351', 'NAGREBCAN', NULL),
(344, 4, '352', 'NALVO NORTE', NULL),
(345, 4, '353', 'NALVO SUR', NULL),
(346, 4, '354', 'NAPASET', NULL),
(347, 4, '355', 'OAQUI NO.1', NULL),
(348, 4, '356', 'OAQUI NO.2', NULL),
(349, 4, '357', 'OAQUI NO.3', NULL),
(350, 4, '358', 'OAQUI NO.4', NULL),
(351, 4, '359', 'PILA', NULL),
(352, 4, '360', 'PITPITAC', NULL),
(353, 4, '362', 'RIMOS NO.1', NULL),
(354, 4, '363', 'RIMOS NO.2', NULL),
(355, 4, '364', 'RIMOS NO.3', NULL),
(356, 4, '365', 'RIMOS NO.4', NULL),
(357, 4, '366', 'RIMOS NO.5', NULL),
(358, 4, '367', 'RISSING', NULL),
(359, 4, '368', 'SALCEDO', NULL),
(360, 4, '369', 'STO DOMINGO NORTE', NULL),
(361, 4, '370', 'STO DOMINGO SUR', NULL),
(362, 4, '371', 'SUCOC NORTE', NULL),
(363, 4, '372', 'SUCOC SUR', NULL),
(364, 4, '374', 'TALLAOEN', NULL),
(365, 4, '375', 'VICTORIA', NULL),
(366, 11, '376', 'AGUIOS', NULL),
(367, 11, '377', 'AL-ALINAO NORTE', NULL),
(368, 11, '378', 'AL-ALINAO SUR', NULL),
(369, 11, '379', 'AMBARACAO NORTE', NULL),
(370, 11, '380', 'AMBARACAO SUR', NULL),
(371, 11, '281', 'ANGIN', NULL),
(372, 11, '282', 'BALECBEC', NULL),
(373, 11, '283', 'BANCAGAN', NULL),
(374, 11, '284', 'BALECBEC', NULL),
(375, 11, '285', 'BARAOAS NORTE', NULL),
(376, 11, '386', 'BARAOAS SUR', NULL),
(377, 11, '387', 'BARIQUIR', NULL),
(378, 11, '388', 'BATO', NULL),
(379, 11, '389', 'BIMMOTOBOT', NULL),
(380, 11, '390', 'CABARITAN NORTE', NULL),
(381, 11, '391', 'CABARITAN SUR', NULL),
(382, 11, '392', 'CASILAGAN', NULL),
(383, 11, '393', 'DAL-LIPAOEN', NULL),
(384, 11, '394', 'DARAMUANGAN', NULL),
(385, 11, '395', 'GUESSET', NULL),
(386, 11, '396', 'GUSING NORTE', NULL),
(387, 11, '397', 'GUSING SUR', NULL),
(388, 11, '398', 'IMELDA', NULL),
(389, 11, '399', 'LIOAC NORTE', NULL),
(390, 11, '400', 'LIOAC SUR', NULL),
(391, 11, '401', 'MAGUNGUNAY', NULL),
(392, 11, '402', 'MAMAT-ING NORTE', NULL),
(393, 11, '403', 'MAMAT-ING SUR', NULL),
(394, 11, '404', 'NAGSIDORISAN', NULL),
(395, 11, '405', 'NATIVIDAD', NULL),
(396, 11, '406', 'ORTIZ', NULL),
(397, 11, '407', 'RIBSUAN', NULL),
(398, 11, '408', 'SAN ANTONIO', NULL),
(399, 11, '409', 'SAN ISIDRO', NULL),
(400, 11, '410', 'SILI', NULL),
(401, 11, '411', 'SUGUIDAN NORTE', NULL),
(402, 11, '412', 'SUGUIDAN SUR', NULL),
(403, 11, '413', 'TUDDINGAN', NULL),
(404, 18, '414', 'AMBALITE', NULL),
(405, 18, '415', 'AMGANGONAN', NULL),
(406, 18, '416', 'CARES', NULL),
(407, 18, '417', 'DUPLAS', NULL),
(408, 18, '418', 'PALINA', NULL),
(409, 18, '419', 'MAOASOAS NORTE', NULL),
(410, 18, '420', 'MAOASOAS SUR', NULL),
(411, 18, '421', 'SAN LUIS', NULL),
(412, 18, '422', 'CUENCA', NULL),
(413, 18, '423', 'SAYTAN', NULL),
(414, 18, '424', 'POBACION EAST', NULL),
(415, 18, '425', 'POBLACION WEST', NULL),
(416, 18, '426', 'TAVORA EAST', NULL),
(417, 18, '427', 'TAVORA PROPER', NULL),
(418, 20, '428', 'ALIPANG', NULL),
(419, 20, '429', 'AMBANGONAN', NULL),
(420, 20, '430', 'AMLANG', NULL),
(421, 20, '431', 'AMLANG', NULL),
(422, 20, '432', 'BACANI', NULL),
(423, 20, '433', 'BANGAR', NULL),
(424, 20, '434', 'BANI', NULL),
(425, 20, '435', 'BENTENG-SAPILANG', NULL),
(426, 20, '436', 'CADUMANIAN', NULL),
(427, 20, '437', 'CAMP ONE', NULL),
(428, 20, '438', 'CARUNOAN EAST', NULL),
(429, 20, '439', 'CARUNOAN WEST', NULL),
(430, 20, '440', 'CASILAGAN', NULL),
(431, 20, '441', 'CATAGUINTINGAN', NULL),
(432, 20, '442', 'CONCEPCION', NULL),
(433, 20, '443', 'DAMORTIS', NULL),
(434, 20, '444', 'GUMOT-NAGCOLARAN', NULL),
(435, 20, '445', 'INABAAN NORTE', NULL),
(436, 20, '446', 'INABAAN SUR', NULL),
(437, 20, '447', 'MARCOS', NULL),
(438, 20, '448', 'NAGTAGAAN', NULL),
(439, 20, '449', 'NANGCAMOTIAN', NULL),
(440, 20, '450', 'PARASAPAS', NULL),
(441, 20, '451', 'POBLACION EAST', NULL),
(442, 20, '452', 'POBLACION WEST', NULL),
(443, 20, '453', 'PUZON', NULL),
(444, 20, '454', 'RABON', NULL),
(445, 20, '455', 'SAN JOSE', NULL),
(446, 20, '456', 'SUBUSUB', NULL),
(447, 20, '457', 'TABTABUNGAO', NULL),
(448, 20, '458', 'TANGLAG', NULL),
(449, 20, '459', 'TAY-AC', NULL),
(450, 20, '460', 'UDIAO', NULL),
(451, 20, '461', 'VILA', NULL),
(452, 6, '462', 'AMONTOK', NULL),
(453, 6, '463', 'APAYAO', NULL),
(454, 6, '464', 'BALBALAYANG', NULL),
(455, 6, '465', 'BAYABAS', NULL),
(456, 6, '466', 'BUCAO', NULL),
(457, 6, '467', 'BUMBUNEG', NULL),
(458, 6, '468', 'DAKING', NULL),
(459, 6, '469', 'LACONG', NULL),
(460, 6, '470', 'LIPAY ESTE', NULL),
(461, 6, '471', 'LIPAY NORTE', NULL),
(462, 6, '472', 'LIPAY PROPER', NULL),
(463, 6, '473', 'LIPAY SUR', NULL),
(464, 6, '474', 'LON-OY', NULL),
(465, 6, '475', 'POBLACION', NULL),
(466, 6, '476', 'POLIPOL', NULL),
(467, 8, '477', 'ALLANGIGAN', NULL),
(468, 8, '478', 'ALUDAID', '2018-02-15 11:47:57'),
(469, 8, '479', 'BACASAYAN', NULL),
(470, 8, '480', 'BALBALLOSA', NULL),
(471, 8, '481', 'BAMBANAY', NULL),
(472, 8, '482', 'BUGBUGCAO', NULL),
(473, 8, '483', 'CAARUSIPAN', NULL),
(474, 8, '484', 'CABAROAN', NULL),
(475, 8, '485', 'CABUGNAYAN', NULL),
(476, 8, '486', 'CACAPIAN', NULL),
(477, 8, '487', 'CACULANGAN', NULL),
(478, 8, '488', 'CALINCAMASAN', NULL),
(479, 8, '489', 'CASILAGAN', NULL),
(480, 8, '490', 'CATDUNGAN', '2018-02-23 11:37:55'),
(481, 8, '491', 'DANGDANGLA', NULL),
(482, 8, '492', 'DASAY', NULL),
(483, 8, '493', 'DINANUM', NULL),
(484, 8, '494', 'DUPLAS', NULL),
(485, 8, '495', 'GUINGUINABAN', NULL),
(486, 8, '496', 'ILI NORTE', NULL),
(487, 8, '497', 'ILI SUR', NULL),
(488, 8, '499', 'LEGLEG', NULL),
(489, 8, '500', 'LUBING', NULL),
(490, 8, '501', 'NADSAAG', NULL),
(491, 8, '502', 'NAGSABARAN', NULL),
(492, 8, '503', 'NAGUIRANGAN', NULL),
(493, 8, '504', 'NAGUITUBAN', NULL),
(494, 8, '505', 'NAGYUBUYUBAN', NULL),
(495, 8, '506', 'OAQUING', NULL),
(496, 8, '507', 'PACPACAC', NULL),
(497, 8, '508', 'PAGDILDILAN', NULL),
(498, 8, '509', 'PANICSICAN', NULL),
(499, 8, '510', 'QUIDEM', NULL),
(500, 8, '511', 'SAN FELIPE', NULL),
(501, 8, '512', 'STA ROSA', NULL),
(502, 8, '513', 'STO ROSARIO', NULL),
(503, 8, '514', 'SARACAT', NULL),
(504, 8, '515', 'SINAPANGAN', NULL),
(505, 8, '516', 'TABOC', NULL),
(506, 8, '517', 'TALOGTOG', NULL),
(507, 8, '518', 'URBIZTONDO', NULL),
(508, 5, '519', 'CARRO-OY', NULL),
(509, 5, '520', 'LETTAC NORTE', NULL),
(510, 5, '521', 'LETTAC SUR', NULL),
(511, 5, '522', 'MANGAAN', NULL),
(512, 5, '523', 'PAAGAN', NULL),
(513, 5, '524', 'POBLACION', NULL),
(514, 5, '525', 'PUGUIL', NULL),
(515, 5, '527', 'RAMOT', NULL),
(516, 5, '528', 'SAPDAAN', NULL),
(517, 5, '529', 'SASABA', NULL),
(518, 5, '530', 'TUBADAY', NULL),
(519, 19, '531', 'AMBITACAY', NULL),
(520, 19, '533', 'BALAOC', NULL),
(521, 19, '534', 'BAIL', NULL),
(522, 19, '535', 'BAYBAY', NULL),
(523, 19, '536', 'CABARUAN', NULL),
(524, 19, '537', 'CASANTAAN', NULL),
(525, 19, '538', 'CASILAGAN', NULL),
(526, 19, '539', 'CUPANG', NULL),
(527, 19, '540', 'DAMORTIS', NULL),
(528, 19, '541', 'FERNANDO', NULL),
(529, 19, '542', 'LINONG', NULL),
(530, 19, '543', 'LOMBOY', NULL),
(531, 19, '544', 'MALABAGO', NULL),
(532, 19, '545', 'NAMBOONGAN', NULL),
(533, 19, '546', 'NAMONITAN', NULL),
(534, 19, '547', 'NARVACAN', NULL),
(535, 19, '548', 'PATAC', NULL),
(536, 19, '549', 'POBLACION', NULL),
(537, 19, '550', 'PONGPONG', NULL),
(538, 19, '551', 'RAOIS', NULL),
(539, 19, '552', 'TOGOC', NULL),
(540, 19, '553', 'TUBOD', NULL),
(541, 19, '554', 'TUBOD', NULL),
(542, 19, '555', 'UBANGAN', NULL),
(543, 1, '556', 'BIGBIGA', NULL),
(544, 1, '557', 'BULALAAN', NULL),
(545, 1, '558', 'CASTRO', NULL),
(546, 1, '559', 'DUPLAS', NULL),
(547, 1, '560', 'ILOCANO', NULL),
(548, 1, '561', 'IPET', NULL),
(549, 1, '562', 'MALICLICO', NULL),
(550, 1, '563', 'NAMALTUGAN', NULL),
(551, 1, '564', 'OLD CENTRAL', NULL),
(552, 1, '565', 'POBLACION', NULL),
(553, 1, '566', 'PORPORIKET', NULL),
(554, 1, '567', 'SAN FRANCISCO NORTE', NULL),
(555, 1, '568', 'SAN FRANCISCO SUR', NULL),
(556, 1, '569', 'SAN JOSE', NULL),
(557, 1, '570', 'SENGNGAT', NULL),
(558, 1, '571', 'TUROD', NULL),
(559, 1, '572', 'UP-UPLAS', NULL),
(560, 17, '573', 'AMALLAPAY', NULL),
(561, 17, '574', 'CAOIGUE', NULL),
(562, 17, '575', 'FRANCIA SUR', NULL),
(563, 17, '576', 'FRANCIA WEST', NULL),
(564, 17, '577', 'GARCIA', NULL),
(565, 17, '578', 'GONZALES', NULL),
(566, 17, '579', 'HALOG EAST', NULL),
(567, 17, '580', 'HALOG WEST', NULL),
(568, 17, '581', 'LEONES EAST', NULL),
(569, 17, '582', 'LEONES WEST', NULL),
(570, 17, '583', 'LINAPEW', NULL),
(571, 17, '584', 'LLOREN', NULL),
(572, 17, '585', 'MAGSAYSAY', NULL),
(573, 17, '586', 'PIDEG', NULL),
(574, 17, '587', 'POBLACION', NULL),
(575, 17, '588', 'RIZAL', NULL),
(576, 17, '589', 'STA TERESA', NULL),
(577, 13, '373', 'SUYO', NULL),
(578, 484, '876', 'ROSARIO', NULL),
(579, 9, '123', 'LINGSAT', NULL),
(580, 9, '234', 'LANGCUAS', NULL),
(581, 17, '545', 'ANDUYAN', NULL),
(582, 120, '976', 'MANZON', NULL),
(583, 5, '653', 'CORRO-OY', NULL),
(584, 7, '254', 'SIPULO', NULL),
(585, 9, '532', 'MASICONG', NULL),
(586, 5, '526', 'AMBAGAT', NULL);

-- --------------------------------------------------------

--
-- Table structure for table `beds`
--

CREATE TABLE `beds` (
  `id` int(11) NOT NULL,
  `room_no_id` int(11) DEFAULT NULL,
  `description` varchar(100) DEFAULT NULL
) ENGINE=InnoDB DEFAULT CHARSET=latin1;

--
-- Dumping data for table `beds`
--

INSERT INTO `beds` (`id`, `room_no_id`, `description`) VALUES
(1, 1, '23'),
(2, 1, '34'),
(4, 2, '121'),
(6, 2, '123');

-- --------------------------------------------------------

--
-- Table structure for table `diagnosis`
--

CREATE TABLE `diagnosis` (
  `id` int(11) NOT NULL,
  `record_id` int(11) DEFAULT NULL,
  `complaint` longtext,
  `diagnosis` longtext
) ENGINE=InnoDB DEFAULT CHARSET=latin1;

--
-- Dumping data for table `diagnosis`
--

INSERT INTO `diagnosis` (`id`, `record_id`, `complaint`, `diagnosis`) VALUES
(1, 1, '2', '2'),
(2, 1, '3', '3'),
(3, 2, '1', '2'),
(4, 2, '3', '4'),
(5, 3, 'dsfsdfsdfsd', 'gdfhrtjsj'),
(6, 3, 'dfhsdfhd', 'dfhdfh'),
(7, 4, 'afsndfn', 'jnrfxgnfrgn'),
(8, 5, 'afbasfb', 'defthmh'),
(9, 6, 'dsfhdfs', 'dfhdfh'),
(10, 6, 'dsfh', 'dfhdf'),
(11, 7, 'dfbdf', 'fhmghm'),
(12, 7, 'dfbdfb', 'gj,gj,'),
(13, 8, 'dfhjf', 'ghjhfjgh'),
(14, 9, 'dfshd', 'dfhdfsh'),
(15, 9, 'dfshdfs', 'dhhdfsdh');

-- --------------------------------------------------------

--
-- Table structure for table `follow_ups`
--

CREATE TABLE `follow_ups` (
  `id` int(11) NOT NULL,
  `record_id` int(11) DEFAULT NULL,
  `date` date DEFAULT NULL,
  `remarks` varchar(10000) DEFAULT NULL
) ENGINE=InnoDB DEFAULT CHARSET=latin1;

--
-- Dumping data for table `follow_ups`
--

INSERT INTO `follow_ups` (`id`, `record_id`, `date`, `remarks`) VALUES
(1, 1, '2018-04-16', 'asdsaasda'),
(2, 2, '2018-12-31', 'zdzxczxc'),
(3, 3, '1970-01-01', NULL),
(4, 4, '1970-01-01', NULL),
(5, 5, '2018-05-14', 'vb dfznbvxn'),
(6, 6, '1970-01-01', NULL),
(7, 7, '1970-01-01', NULL),
(8, 8, '1970-01-01', NULL),
(9, 9, '1970-01-01', NULL);

-- --------------------------------------------------------

--
-- Table structure for table `groups`
--

CREATE TABLE `groups` (
  `group_id` int(11) NOT NULL,
  `group_name` varchar(255) DEFAULT NULL,
  `group_description` varchar(255) DEFAULT NULL,
  `privileges` longtext
) ENGINE=InnoDB DEFAULT CHARSET=latin1;

--
-- Dumping data for table `groups`
--

INSERT INTO `groups` (`group_id`, `group_name`, `group_description`, `privileges`) VALUES
(1, 'Admin', 'Administrator', '225B7B5C2269645C223A312C5C226465736372697074696F6E5C223A5C2244617368626F6172645C222C5C2270726976696C656765735C223A5B7B5C2269645C223A312C5C226465736372697074696F6E5C223A5C2253686F772044617368626F6172645C222C5C2276616C75655C223A747275657D5D7D2C7B5C2269645C223A322C5C226465736372697074696F6E5C223A5C224163636F756E74735C222C5C2270726976696C656765735C223A5B7B5C2269645C223A312C5C226465736372697074696F6E5C223A5C2253686F772055736572204C6973745C222C5C2276616C75655C223A747275657D2C7B5C2269645C223A322C5C226465736372697074696F6E5C223A5C2241646420557365725C222C5C2276616C75655C223A747275657D2C7B5C2269645C223A332C5C226465736372697074696F6E5C223A5C224564697420557365725C222C5C2276616C75655C223A747275657D2C7B5C2269645C223A342C5C226465736372697074696F6E5C223A5C2244656C65746520557365725C222C5C2276616C75655C223A747275657D5D7D2C7B5C2269645C223A332C5C226465736372697074696F6E5C223A5C22446F63746F72735C222C5C2270726976696C656765735C223A5B7B5C2269645C223A312C5C226465736372697074696F6E5C223A5C2253686F7720446F63746F72735C222C5C2276616C75655C223A747275657D2C7B5C2269645C223A322C5C226465736372697074696F6E5C223A5C2241646420446F63746F725C222C5C2276616C75655C223A747275657D2C7B5C2269645C223A332C5C226465736372697074696F6E5C223A5C224564697420446F63746F725C222C5C2276616C75655C223A747275657D2C7B5C2269645C223A342C5C226465736372697074696F6E5C223A5C225072696E7420446F63746F725C222C5C2276616C75655C223A747275657D2C7B5C2269645C223A352C5C226465736372697074696F6E5C223A5C2244656C65746520446F63746F725C222C5C2276616C75655C223A747275657D5D7D2C7B5C2269645C223A342C5C226465736372697074696F6E5C223A5C225374616666735C222C5C2270726976696C656765735C223A5B7B5C2269645C223A312C5C226465736372697074696F6E5C223A5C2253686F77205374616666735C222C5C2276616C75655C223A747275657D2C7B5C2269645C223A322C5C226465736372697074696F6E5C223A5C224164642053746166665C222C5C2276616C75655C223A747275657D2C7B5C2269645C223A332C5C226465736372697074696F6E5C223A5C22456469742053746166665C222C5C2276616C75655C223A747275657D2C7B5C2269645C223A342C5C226465736372697074696F6E5C223A5C225072696E742053746166665C222C5C2276616C75655C223A747275657D2C7B5C2269645C223A352C5C226465736372697074696F6E5C223A5C2244656C6574652053746166665C222C5C2276616C75655C223A747275657D5D7D2C7B5C2269645C223A352C5C226465736372697074696F6E5C223A5C224D65646963616C205265636F7264735C222C5C2270726976696C656765735C223A5B7B5C2269645C223A312C5C226465736372697074696F6E5C223A5C2253686F77204D65646963616C205265636F7264735C222C5C2276616C75655C223A747275657D5D7D2C7B5C2269645C223A362C5C226465736372697074696F6E5C223A5C2250617469656E74735C222C5C2270726976696C656765735C223A5B7B5C2269645C223A312C5C226465736372697074696F6E5C223A5C2253686F772050617469656E74735C222C5C2276616C75655C223A747275657D2C7B5C2269645C223A322C5C226465736372697074696F6E5C223A5C224164642050617469656E745C222C5C2276616C75655C223A747275657D2C7B5C2269645C223A332C5C226465736372697074696F6E5C223A5C22456469742050617469656E745C222C5C2276616C75655C223A747275657D2C7B5C2269645C223A342C5C226465736372697074696F6E5C223A5C225072696E742050617469656E745C222C5C2276616C75655C223A747275657D2C7B5C2269645C223A352C5C226465736372697074696F6E5C223A5C2244656C6574652050617469656E745C222C5C2276616C75655C223A747275657D5D7D2C7B5C2269645C223A372C5C226465736372697074696F6E5C223A5C224F50445C222C5C2270726976696C656765735C223A5B7B5C2269645C223A312C5C226465736372697074696F6E5C223A5C2253686F77204F50445C222C5C2276616C75655C223A747275657D2C7B5C2269645C223A322C5C226465736372697074696F6E5C223A5C22416464204F50445C222C5C2276616C75655C223A747275657D2C7B5C2269645C223A332C5C226465736372697074696F6E5C223A5C2245646974204F50445C222C5C2276616C75655C223A747275657D2C7B5C2269645C223A342C5C226465736372697074696F6E5C223A5C2244656C657465204F50445C222C5C2276616C75655C223A747275657D5D7D2C7B5C2269645C223A382C5C226465736372697074696F6E5C223A5C224950445C222C5C2270726976696C656765735C223A5B7B5C2269645C223A312C5C226465736372697074696F6E5C223A5C2253686F77204950445C222C5C2276616C75655C223A747275657D2C7B5C2269645C223A322C5C226465736372697074696F6E5C223A5C22416464204950445C222C5C2276616C75655C223A747275657D2C7B5C2269645C223A332C5C226465736372697074696F6E5C223A5C2245646974204950445C222C5C2276616C75655C223A747275657D2C7B5C2269645C223A342C5C226465736372697074696F6E5C223A5C2244656C657465204950445C222C5C2276616C75655C223A747275657D5D7D2C7B5C2269645C223A392C5C226465736372697074696F6E5C223A5C225265706F7274735C222C5C2270726976696C656765735C223A5B7B5C2269645C223A312C5C226465736372697074696F6E5C223A5C2253686F77205265706F7274735C222C5C2276616C75655C223A747275657D5D7D2C7B5C2269645C223A31302C5C226465736372697074696F6E5C223A5C224D61696E74656E616E63655C222C5C2270726976696C656765735C223A5B7B5C2269645C223A312C5C226465736372697074696F6E5C223A5C2253686F77204D61696E74656E616E63655C222C5C2276616C75655C223A747275657D5D7D2C7B5C2269645C223A31312C5C226465736372697074696F6E5C223A5C2248656C705C222C5C2270726976696C656765735C223A5B7B5C2269645C223A312C5C226465736372697074696F6E5C223A5C2253686F772048656C705C222C5C2276616C75655C223A747275657D5D7D5D22'),
(2, 'Doctor', 'Doctor', '225B7B5C2269645C223A312C5C226465736372697074696F6E5C223A5C2244617368626F6172645C222C5C2270726976696C656765735C223A5B7B5C2269645C223A312C5C226465736372697074696F6E5C223A5C2253686F772044617368626F6172645C222C5C2276616C75655C223A747275657D5D7D2C7B5C2269645C223A322C5C226465736372697074696F6E5C223A5C224163636F756E74735C222C5C2270726976696C656765735C223A5B7B5C2269645C223A312C5C226465736372697074696F6E5C223A5C2253686F772055736572204C6973745C222C5C2276616C75655C223A66616C73657D2C7B5C2269645C223A322C5C226465736372697074696F6E5C223A5C2241646420557365725C222C5C2276616C75655C223A66616C73657D2C7B5C2269645C223A332C5C226465736372697074696F6E5C223A5C224564697420557365725C222C5C2276616C75655C223A66616C73657D2C7B5C2269645C223A342C5C226465736372697074696F6E5C223A5C2244656C65746520557365725C222C5C2276616C75655C223A66616C73657D5D7D2C7B5C2269645C223A332C5C226465736372697074696F6E5C223A5C22446F63746F72735C222C5C2270726976696C656765735C223A5B7B5C2269645C223A312C5C226465736372697074696F6E5C223A5C2253686F7720446F63746F72735C222C5C2276616C75655C223A747275657D2C7B5C2269645C223A322C5C226465736372697074696F6E5C223A5C2241646420446F63746F725C222C5C2276616C75655C223A747275657D2C7B5C2269645C223A332C5C226465736372697074696F6E5C223A5C224564697420446F63746F725C222C5C2276616C75655C223A747275657D2C7B5C2269645C223A342C5C226465736372697074696F6E5C223A5C225072696E7420446F63746F725C222C5C2276616C75655C223A747275657D2C7B5C2269645C223A352C5C226465736372697074696F6E5C223A5C2244656C65746520446F63746F725C222C5C2276616C75655C223A66616C73657D5D7D2C7B5C2269645C223A342C5C226465736372697074696F6E5C223A5C225374616666735C222C5C2270726976696C656765735C223A5B7B5C2269645C223A312C5C226465736372697074696F6E5C223A5C2253686F77205374616666735C222C5C2276616C75655C223A747275657D2C7B5C2269645C223A322C5C226465736372697074696F6E5C223A5C224164642053746166665C222C5C2276616C75655C223A747275657D2C7B5C2269645C223A332C5C226465736372697074696F6E5C223A5C22456469742053746166665C222C5C2276616C75655C223A747275657D2C7B5C2269645C223A342C5C226465736372697074696F6E5C223A5C225072696E742053746166665C222C5C2276616C75655C223A747275657D2C7B5C2269645C223A352C5C226465736372697074696F6E5C223A5C2244656C6574652053746166665C222C5C2276616C75655C223A66616C73657D5D7D2C7B5C2269645C223A352C5C226465736372697074696F6E5C223A5C224D65646963616C205265636F7264735C222C5C2270726976696C656765735C223A5B7B5C2269645C223A312C5C226465736372697074696F6E5C223A5C2253686F77204D65646963616C205265636F7264735C222C5C2276616C75655C223A747275657D5D7D2C7B5C2269645C223A362C5C226465736372697074696F6E5C223A5C2250617469656E74735C222C5C2270726976696C656765735C223A5B7B5C2269645C223A312C5C226465736372697074696F6E5C223A5C2253686F772050617469656E74735C222C5C2276616C75655C223A747275657D2C7B5C2269645C223A322C5C226465736372697074696F6E5C223A5C224164642050617469656E745C222C5C2276616C75655C223A747275657D2C7B5C2269645C223A332C5C226465736372697074696F6E5C223A5C22456469742050617469656E745C222C5C2276616C75655C223A747275657D2C7B5C2269645C223A342C5C226465736372697074696F6E5C223A5C225072696E742050617469656E745C222C5C2276616C75655C223A747275657D2C7B5C2269645C223A352C5C226465736372697074696F6E5C223A5C2244656C6574652050617469656E745C222C5C2276616C75655C223A66616C73657D5D7D2C7B5C2269645C223A372C5C226465736372697074696F6E5C223A5C224F50445C222C5C2270726976696C656765735C223A5B7B5C2269645C223A312C5C226465736372697074696F6E5C223A5C2253686F77204F50445C222C5C2276616C75655C223A747275657D2C7B5C2269645C223A322C5C226465736372697074696F6E5C223A5C22416464204F50445C222C5C2276616C75655C223A747275657D2C7B5C2269645C223A332C5C226465736372697074696F6E5C223A5C2245646974204F50445C222C5C2276616C75655C223A747275657D2C7B5C2269645C223A342C5C226465736372697074696F6E5C223A5C2244656C657465204F50445C222C5C2276616C75655C223A66616C73657D5D7D2C7B5C2269645C223A382C5C226465736372697074696F6E5C223A5C224950445C222C5C2270726976696C656765735C223A5B7B5C2269645C223A312C5C226465736372697074696F6E5C223A5C2253686F77204950445C222C5C2276616C75655C223A747275657D2C7B5C2269645C223A322C5C226465736372697074696F6E5C223A5C22416464204950445C222C5C2276616C75655C223A747275657D2C7B5C2269645C223A332C5C226465736372697074696F6E5C223A5C2245646974204950445C222C5C2276616C75655C223A747275657D2C7B5C2269645C223A342C5C226465736372697074696F6E5C223A5C2244656C657465204950445C222C5C2276616C75655C223A66616C73657D5D7D2C7B5C2269645C223A392C5C226465736372697074696F6E5C223A5C225265706F7274735C222C5C2270726976696C656765735C223A5B7B5C2269645C223A312C5C226465736372697074696F6E5C223A5C2253686F77205265706F7274735C222C5C2276616C75655C223A66616C73657D5D7D2C7B5C2269645C223A31302C5C226465736372697074696F6E5C223A5C224D61696E74656E616E63655C222C5C2270726976696C656765735C223A5B7B5C2269645C223A312C5C226465736372697074696F6E5C223A5C2253686F77204D61696E74656E616E63655C222C5C2276616C75655C223A66616C73657D5D7D2C7B5C2269645C223A31312C5C226465736372697074696F6E5C223A5C2248656C705C222C5C2270726976696C656765735C223A5B7B5C2269645C223A312C5C226465736372697074696F6E5C223A5C2253686F772048656C705C222C5C2276616C75655C223A747275657D5D7D5D22'),
(3, 'Staff', 'Staff', '225B7B5C2269645C223A312C5C226465736372697074696F6E5C223A5C2244617368626F6172645C222C5C2270726976696C656765735C223A5B7B5C2269645C223A312C5C226465736372697074696F6E5C223A5C2253686F772044617368626F6172645C222C5C2276616C75655C223A747275657D5D7D2C7B5C2269645C223A322C5C226465736372697074696F6E5C223A5C224163636F756E74735C222C5C2270726976696C656765735C223A5B7B5C2269645C223A312C5C226465736372697074696F6E5C223A5C2253686F772055736572204C6973745C222C5C2276616C75655C223A66616C73657D2C7B5C2269645C223A322C5C226465736372697074696F6E5C223A5C2241646420557365725C222C5C2276616C75655C223A66616C73657D2C7B5C2269645C223A332C5C226465736372697074696F6E5C223A5C224564697420557365725C222C5C2276616C75655C223A66616C73657D2C7B5C2269645C223A342C5C226465736372697074696F6E5C223A5C2244656C65746520557365725C222C5C2276616C75655C223A66616C73657D5D7D2C7B5C2269645C223A332C5C226465736372697074696F6E5C223A5C22446F63746F72735C222C5C2270726976696C656765735C223A5B7B5C2269645C223A312C5C226465736372697074696F6E5C223A5C2253686F7720446F63746F72735C222C5C2276616C75655C223A747275657D2C7B5C2269645C223A322C5C226465736372697074696F6E5C223A5C2241646420446F63746F725C222C5C2276616C75655C223A747275657D2C7B5C2269645C223A332C5C226465736372697074696F6E5C223A5C224564697420446F63746F725C222C5C2276616C75655C223A747275657D2C7B5C2269645C223A342C5C226465736372697074696F6E5C223A5C225072696E7420446F63746F725C222C5C2276616C75655C223A747275657D2C7B5C2269645C223A352C5C226465736372697074696F6E5C223A5C2244656C65746520446F63746F725C222C5C2276616C75655C223A66616C73657D5D7D2C7B5C2269645C223A342C5C226465736372697074696F6E5C223A5C225374616666735C222C5C2270726976696C656765735C223A5B7B5C2269645C223A312C5C226465736372697074696F6E5C223A5C2253686F77205374616666735C222C5C2276616C75655C223A747275657D2C7B5C2269645C223A322C5C226465736372697074696F6E5C223A5C224164642053746166665C222C5C2276616C75655C223A747275657D2C7B5C2269645C223A332C5C226465736372697074696F6E5C223A5C22456469742053746166665C222C5C2276616C75655C223A747275657D2C7B5C2269645C223A342C5C226465736372697074696F6E5C223A5C225072696E742053746166665C222C5C2276616C75655C223A747275657D2C7B5C2269645C223A352C5C226465736372697074696F6E5C223A5C2244656C6574652053746166665C222C5C2276616C75655C223A66616C73657D5D7D2C7B5C2269645C223A352C5C226465736372697074696F6E5C223A5C224D65646963616C205265636F7264735C222C5C2270726976696C656765735C223A5B7B5C2269645C223A312C5C226465736372697074696F6E5C223A5C2253686F77204D65646963616C205265636F7264735C222C5C2276616C75655C223A747275657D5D7D2C7B5C2269645C223A362C5C226465736372697074696F6E5C223A5C2250617469656E74735C222C5C2270726976696C656765735C223A5B7B5C2269645C223A312C5C226465736372697074696F6E5C223A5C2253686F772050617469656E74735C222C5C2276616C75655C223A747275657D2C7B5C2269645C223A322C5C226465736372697074696F6E5C223A5C224164642050617469656E745C222C5C2276616C75655C223A747275657D2C7B5C2269645C223A332C5C226465736372697074696F6E5C223A5C22456469742050617469656E745C222C5C2276616C75655C223A747275657D2C7B5C2269645C223A342C5C226465736372697074696F6E5C223A5C225072696E742050617469656E745C222C5C2276616C75655C223A747275657D2C7B5C2269645C223A352C5C226465736372697074696F6E5C223A5C2244656C6574652050617469656E745C222C5C2276616C75655C223A66616C73657D5D7D2C7B5C2269645C223A372C5C226465736372697074696F6E5C223A5C224F50445C222C5C2270726976696C656765735C223A5B7B5C2269645C223A312C5C226465736372697074696F6E5C223A5C2253686F77204F50445C222C5C2276616C75655C223A747275657D2C7B5C2269645C223A322C5C226465736372697074696F6E5C223A5C22416464204F50445C222C5C2276616C75655C223A747275657D2C7B5C2269645C223A332C5C226465736372697074696F6E5C223A5C2245646974204F50445C222C5C2276616C75655C223A747275657D2C7B5C2269645C223A342C5C226465736372697074696F6E5C223A5C2244656C657465204F50445C222C5C2276616C75655C223A66616C73657D5D7D2C7B5C2269645C223A382C5C226465736372697074696F6E5C223A5C224950445C222C5C2270726976696C656765735C223A5B7B5C2269645C223A312C5C226465736372697074696F6E5C223A5C2253686F77204950445C222C5C2276616C75655C223A747275657D2C7B5C2269645C223A322C5C226465736372697074696F6E5C223A5C22416464204950445C222C5C2276616C75655C223A747275657D2C7B5C2269645C223A332C5C226465736372697074696F6E5C223A5C2245646974204950445C222C5C2276616C75655C223A747275657D2C7B5C2269645C223A342C5C226465736372697074696F6E5C223A5C2244656C657465204950445C222C5C2276616C75655C223A66616C73657D5D7D2C7B5C2269645C223A392C5C226465736372697074696F6E5C223A5C225265706F7274735C222C5C2270726976696C656765735C223A5B7B5C2269645C223A312C5C226465736372697074696F6E5C223A5C2253686F77205265706F7274735C222C5C2276616C75655C223A66616C73657D5D7D2C7B5C2269645C223A31302C5C226465736372697074696F6E5C223A5C224D61696E74656E616E63655C222C5C2270726976696C656765735C223A5B7B5C2269645C223A312C5C226465736372697074696F6E5C223A5C2253686F77204D61696E74656E616E63655C222C5C2276616C75655C223A66616C73657D5D7D2C7B5C2269645C223A31312C5C226465736372697074696F6E5C223A5C2248656C705C222C5C2270726976696C656765735C223A5B7B5C2269645C223A312C5C226465736372697074696F6E5C223A5C2253686F772048656C705C222C5C2276616C75655C223A747275657D5D7D5D22');

-- --------------------------------------------------------

--
-- Table structure for table `laboratories`
--

CREATE TABLE `laboratories` (
  `id` int(11) NOT NULL,
  `record_id` int(11) DEFAULT NULL,
  `lab_type` varchar(250) DEFAULT NULL,
  `lab_remark` varchar(550) DEFAULT NULL
) ENGINE=InnoDB DEFAULT CHARSET=latin1;

--
-- Dumping data for table `laboratories`
--

INSERT INTO `laboratories` (`id`, `record_id`, `lab_type`, `lab_remark`) VALUES
(1, 1, '1', '1'),
(2, 1, '2', '2'),
(3, 2, '1', '1'),
(4, 2, '1', '1'),
(5, 3, 'ascgavsjc', 'sfgsagdfg'),
(6, 3, 'fdgad', 'hjkhjkh'),
(7, 4, 'wghdfs', 'hgsjdgjfg'),
(8, 4, 'sdgjdsj', 'gkgmfgh'),
(9, 4, 'dfhsdfhad', 'fgsngdgn'),
(10, 5, 'adgav', 'fabfsb'),
(11, 5, 'asfbsb', 'sabawshb'),
(12, 6, 'dfhbzs', 'ahbzerbf'),
(13, 7, 'zbgzdfb', 'dfbdfb'),
(14, 7, 'dsfb', 'dfbsdf'),
(15, 8, 'fnhsfn', 'sgbsd'),
(16, 9, 'dsghsfg', 'fgfghgf');

-- --------------------------------------------------------

--
-- Table structure for table `municipalities`
--

CREATE TABLE `municipalities` (
  `municipality_id` int(10) NOT NULL,
  `municipality_province` int(10) DEFAULT NULL,
  `municipality_code` varchar(10) DEFAULT NULL,
  `municipality_description` varchar(100) DEFAULT NULL,
  `update_log` datetime DEFAULT NULL
) ENGINE=InnoDB DEFAULT CHARSET=latin1;

--
-- Dumping data for table `municipalities`
--

INSERT INTO `municipalities` (`municipality_id`, `municipality_province`, `municipality_code`, `municipality_description`, `update_log`) VALUES
(1, 1, '1A', 'SUDIPEN 2520', NULL),
(2, 1, '1B', 'BANGAR 2519', NULL),
(3, 1, '1C', 'BALAOAN 2517', NULL),
(4, 1, '1D', 'LUNA 2518', NULL),
(5, 1, '1E', 'SANTOL 2516', NULL),
(6, 1, '1F', 'SAN GABRIEL 2513', NULL),
(7, 1, '1G', 'BACNOTAN 2515', NULL),
(8, 1, '1H', 'SAN JUAN 2514', NULL),
(9, 1, 'CT1', 'SAN FERNANDO CITY 2500', NULL),
(10, 1, '2A', 'BAUANG 2501', NULL),
(11, 1, '2B', 'NAGUILIAN 2511', NULL),
(12, 1, '2C', 'BURGOS 2510', NULL),
(13, 1, '2D', 'BAGULIN 2512', NULL),
(14, 1, '2E', 'CABA 2502', NULL),
(15, 1, '2F', 'ARINGAY 2503', NULL),
(16, 1, '2G', 'AGOO 2504', NULL),
(17, 1, '2H', 'TUBAO 2509', NULL),
(18, 1, '2I', 'PUGO 2508', NULL),
(19, 1, '2J', 'SANTO TOMAS 2505', NULL),
(20, 1, '2K', 'ROSARIO 2506', NULL),
(21, 13, '129', 'UGONG NORTE 1110', NULL),
(22, 13, '130', 'UNANG SIGAW 1106', NULL),
(23, 13, '131', 'U.P. CAMPUS 1101', NULL),
(24, 13, '132', 'U.P. VILLAGE 1101', NULL),
(25, 13, '133', 'VALENCIA 1112', NULL),
(26, 13, '134', 'VASRA 1100', NULL),
(27, 13, '135', 'VETERANS VILLAGES 1105', NULL),
(28, 13, '136', 'VILLA MARIA CLARA 1109', NULL),
(29, 13, '167', 'WEST TRIANGLE 1104', NULL),
(30, 13, '166', 'WHITE PLAINS 1110', NULL),
(31, 2, 'A1', 'ADAMS 2922', NULL),
(32, 2, 'A2', 'BACARRA 2916', NULL),
(33, 2, 'A3', 'BADOC 2904', NULL),
(34, 2, 'A4', 'BANGUI 2920', NULL),
(35, 2, 'A5', 'BATAC 2906', NULL),
(36, 2, 'A6', 'BURGOS 2918', NULL),
(37, 2, 'A7', 'CARASI 2911', NULL),
(38, 2, 'A8', 'CURRIMAO 2903', NULL),
(39, 2, 'A9', 'DINGRAS 2913', NULL),
(40, 2, 'A10', 'DUMALENG 2921', NULL),
(41, 2, 'A11', 'ESPIRITU 2908', NULL),
(42, 2, 'A12', 'LAOAG CITY 2900', NULL),
(43, 2, 'A13', 'MARCOS 2907', NULL),
(44, 2, 'A14', 'NUEVA ERA 2909', NULL),
(45, 2, 'A15', 'PAGUDPUD 2919', NULL),
(46, 2, 'A16', 'PAOAY 2902', NULL),
(47, 2, 'A17', 'PASUQUIN 2917', NULL),
(48, 2, 'A18', 'PIDDIG 2912', NULL),
(49, 2, 'A19', 'PINILI 2905', NULL),
(50, 2, 'A20', 'SAN NICOLAS 2901', NULL),
(51, 2, 'A21', 'SARRAT 2914', NULL),
(52, 2, 'A22', 'SOLSONA 2910', NULL),
(53, 2, 'A23', 'VINTAR', NULL),
(54, 3, 'B1', 'ALILEM 2716', NULL),
(55, 3, 'B2', 'BANAYOYO 2708', NULL),
(56, 3, 'B3', 'BANTAY 2727', NULL),
(57, 3, 'B4', 'BURGOS 2724', NULL),
(58, 3, 'B5', 'CABUGAO 2732', NULL),
(59, 3, 'B6', 'CANDON 2710', NULL),
(60, 3, 'B7', 'CAOAYAN 2702', NULL),
(61, 3, 'B8', 'CERVANTES 2718', NULL),
(62, 3, 'B9', 'GALIMUYOD 2709', NULL),
(63, 3, 'B10', 'GREGORIO DEL PILAR 2720', NULL),
(64, 3, 'B11', 'LIDLIDDA 2723', NULL),
(65, 3, 'B12', 'MAGSINGAL 2730', NULL),
(66, 3, 'B13', 'NAGBUKEL 2725', NULL),
(67, 3, 'B14', 'NARVACAN 2704', NULL),
(68, 3, 'B15', 'QUIRINO 2721', NULL),
(69, 3, 'B16', 'SALCEDO 2711', NULL),
(70, 3, 'B17', 'SAN EMILIO 2722', NULL),
(71, 3, 'B18', 'SAN ESTEBAN 2706', NULL),
(72, 3, 'B19', 'SAN ILDEFONSO 2728', NULL),
(73, 3, 'B20', 'SAN JUAN 2731', NULL),
(74, 3, 'B21', 'SAN VICENTE 2726', NULL),
(75, 3, 'B22', 'SANTA 2703', NULL),
(76, 3, 'B23', 'SANTA CATALINA 2701', NULL),
(77, 3, 'B24', 'SANTA CRUZ 2713', NULL),
(78, 3, 'B25', 'SANTA LUCIA 2712', NULL),
(79, 3, 'B26', 'SANTA MARIA 2705', NULL),
(80, 3, 'B27', 'SANTIAGO 2707', NULL),
(81, 3, 'B28', 'SANTO DOMINGO 2729', NULL),
(82, 3, 'B29', 'SICAY 2719', NULL),
(83, 3, 'B30', 'SINAIT 2733', NULL),
(84, 3, 'B31', 'SUGPON 2717', NULL),
(85, 3, 'B32', 'SUYO 2715', NULL),
(86, 3, 'B33', 'TAGUDIN 2714', NULL),
(87, 3, 'B35', 'VIGAN 2700', NULL),
(88, 4, 'C1', 'AGNO 2408', NULL),
(89, 4, 'C2', 'AGUILAR 2415', NULL),
(90, 4, 'C3', 'ALAMINOS 2404', NULL),
(91, 4, 'C4', 'ALCALA 2425', NULL),
(92, 4, 'C5', 'ANDA 2405', NULL),
(93, 4, 'C6', 'ASINGAN 2439', NULL),
(94, 4, 'C7', 'BALUNGAO 2442', NULL),
(95, 4, 'C8', 'BANI 2407', NULL),
(96, 4, 'C9', 'BASISTA 2422', NULL),
(97, 4, 'C10', 'BAUTISTA 2424', NULL),
(98, 4, 'C11', 'BAYAMBANG 2423', NULL),
(99, 4, 'C12', 'BINALONAN 2436', NULL),
(100, 4, 'C13', 'BINMALEY 2417', NULL),
(101, 4, 'C14', 'BOLINAO 2406', NULL),
(102, 4, 'C15', 'BUGALLON 2416', NULL),
(103, 4, 'C16', 'BURGOS 2410', NULL),
(104, 4, 'C17', 'CALASIAO 2418', NULL),
(105, 4, 'C18', 'DAGUPAN CITY 2400', NULL),
(106, 4, 'C19', 'DASOL 2411', NULL),
(107, 4, 'C20', 'INFANTA 2412', NULL),
(108, 4, 'C21', 'LABRADOR 2402', NULL),
(109, 4, 'C22', 'LAOAC 2437', NULL),
(110, 4, 'C23', 'LINGAYEN 2401', NULL),
(111, 4, 'C24', 'MABINI 2409', NULL),
(112, 4, 'C25', 'MALASIQUI 2421', NULL),
(113, 4, 'C26', 'MANAOAG 2430', NULL),
(114, 4, 'C27', 'MANGALDAN 2432', NULL),
(115, 4, 'C28', 'MANGATAREM 2413', NULL),
(116, 4, 'C29', 'MAPANDAN 2429', NULL),
(117, 4, 'C30', 'NATIVIDAD 2446', NULL),
(118, 4, 'C31', 'POZORRUBIO 2435', NULL),
(119, 4, 'C32', 'ROSALES 2441', NULL),
(120, 4, 'C33', 'SAN CARLOS CITY 2420', NULL),
(121, 4, 'C34', 'SAN FABIAN 2433', NULL),
(122, 4, 'C35', 'SAN JACINTO 2431', NULL),
(123, 4, 'C36', 'SAN MIGUEL 2438', NULL),
(124, 4, 'C37', 'SAN NICOLAS 2447', NULL),
(125, 4, 'C38', 'SAN QUINTIN 2444', NULL),
(126, 4, 'C39', 'SANTA BARBARA 2419', NULL),
(127, 4, 'C40', 'SANTA MARIA 2440', NULL),
(128, 4, 'C41', 'SANTO TOMAS 2426', NULL),
(129, 4, 'C42', 'SISON 2434', NULL),
(130, 4, 'C43', 'SUAL 2403', NULL),
(131, 4, 'C44', 'TAYUG 2445', NULL),
(132, 4, 'C45', 'UMINGAN 2443', NULL),
(133, 4, 'C46', 'URBIZTONDO 2414', NULL),
(134, 4, 'C47', 'URDANETA CITY 2428', NULL),
(135, 4, 'C48', 'VILLASIS 2427', NULL),
(136, 5, 'D1', 'BANGUED 2800', NULL),
(137, 5, 'D2', 'BOLINEY 2815', NULL),
(138, 5, 'D3', 'BUCAY 2805', NULL),
(139, 5, 'D4', 'BUCLOC 2817', NULL),
(140, 5, 'D5', 'DAGUIOMAN 2816', NULL),
(141, 5, 'D6', 'DANGLAS 2825', NULL),
(142, 5, 'D7', 'DOLORES 2801', NULL),
(143, 5, 'D12', 'LA PAZ 2826', NULL),
(144, 5, 'D8', 'LACUB 2821', NULL),
(145, 5, 'D9', 'LAGANGILANG 2802', NULL),
(146, 5, 'D10', 'LAGAYAN 2824', NULL),
(147, 5, 'D11', 'LANGIDEN 2807', NULL),
(148, 5, 'D13', 'LICUAN (BAAY) 2819', NULL),
(149, 5, 'D15', 'LUBA 2813', NULL),
(150, 5, 'D14', 'LUBA 2813', NULL),
(151, 5, 'D16', 'MALIBCONG 2820', NULL),
(152, 5, 'D17', 'MANABO 2810', NULL),
(153, 5, 'D18', 'PE?ARUBIA 2804', NULL),
(154, 5, 'D19', 'PIDIGAN 2806', NULL),
(155, 5, 'D20', 'PILAR 2812', NULL),
(156, 5, 'D21', 'SALLAPADAN 2818', NULL),
(157, 5, 'D22', 'SAN ISIDRO 2809', NULL),
(158, 5, 'D23', 'SAN JUAN 2823', NULL),
(159, 5, 'D24', 'SAN QUINTIN 2808', NULL),
(160, 5, 'D25', 'TAYUM 2803', NULL),
(161, 5, 'D26', 'TINEG 2822', NULL),
(162, 5, 'D27', 'TUBO 2814', NULL),
(163, 5, 'D28', 'VILLAVICIOSA 2811', NULL),
(164, 6, 'E1', 'ANAO 2310', NULL),
(165, 6, 'E2', 'BAMBAN 2317', NULL),
(166, 6, 'E3', 'CAMILING 2306', NULL),
(167, 6, 'E4', 'CAPAS 2315', NULL),
(168, 6, 'E5', 'CONCEPCION 2316', NULL),
(169, 6, 'E6', 'GERONA 2302', NULL),
(170, 6, 'E7', 'LA PAZ 2314', NULL),
(171, 6, 'E8', 'MAYANTOC 2304', NULL),
(172, 6, 'E9', 'MONCADA 2308', NULL),
(173, 6, 'E10', 'PANIQUI 2307', NULL),
(174, 6, 'E11', 'PURA 2312', NULL),
(175, 6, 'E12', 'RAMOS 2311', NULL),
(176, 6, 'E14', 'SAM MANUEL 2309', NULL),
(177, 6, 'E13', 'SAN CLEMENTE 2305', NULL),
(178, 6, 'E15', 'SAN MIGUEL 2301', NULL),
(179, 6, 'E16', 'STA. IGNACIA 2303', NULL),
(180, 6, 'E17', 'TARLAC CITY 2300', NULL),
(181, 6, 'E18', 'VICTORIA 2313', NULL),
(182, 7, 'F1', 'ANGELES CITY 2009', NULL),
(183, 7, 'F2', 'APALIT 2016', NULL),
(184, 7, 'F3', 'ARAYAT 2012', NULL),
(185, 7, 'F4', 'BACOLOR 2001', NULL),
(186, 7, 'F5', 'BASA AIRBASE 2007', NULL),
(187, 7, 'F6', 'CANDABA 2013', NULL),
(188, 7, 'F7', 'FLORIDABLANCA 2006', NULL),
(189, 7, 'F8', 'GUAGUA 2003', NULL),
(190, 7, 'F9', 'LUBAO 2005', NULL),
(191, 7, 'F10', 'MABALACAT 2010', NULL),
(192, 7, 'F11', 'MACABEBE 2018', NULL),
(193, 7, 'F12', 'MAGALANG 2011', NULL),
(194, 7, 'F13', 'MASANTOL 2017', NULL),
(195, 7, 'F14', 'MEXICO 2021', NULL),
(196, 7, 'F15', 'MINALIN 2019', NULL),
(197, 7, 'F16', 'PORAC 2008', NULL),
(198, 7, 'F17', 'SAN FERNANDO 2000', NULL),
(199, 7, 'F18', 'SAN LUIS 2014', NULL),
(200, 7, 'F19', 'SAN SIMON 2015', NULL),
(201, 7, 'F20', 'SANTA ANA 2022', NULL),
(202, 7, 'F21', 'SANTA RITA 2002', NULL),
(203, 7, 'F22', 'SANTO TOMAS 2020', NULL),
(204, 7, 'F23', 'SASMOAN 2004', NULL),
(205, 8, 'G10', 'AKSIBU 3703', NULL),
(206, 8, 'G1', 'ALFONSO CASTA?EDA 3714', NULL),
(207, 8, 'G2', 'AMBAGUIO 3701', NULL),
(208, 8, 'G3', 'ARITAO 3704', NULL),
(209, 8, 'G4', 'BAGABAG 3711', NULL),
(210, 8, 'G5', 'BAMBANG 3702', NULL),
(211, 8, 'G6', 'BAYOMBONG 3700', NULL),
(212, 8, 'G7', 'DIADI 3712', NULL),
(213, 8, 'G8', 'DUPAX DEL NORTE 3712', NULL),
(214, 8, 'G9', 'DUPAX DEL SUR 3707', NULL),
(215, 8, 'G11', 'KAYAPA 3708', NULL),
(216, 8, 'G12', 'QUEZON 3713', NULL),
(217, 8, 'G13', 'SOLANO 3709', NULL),
(218, 8, 'G14', 'STA. FE (IMUGAN) 3705', NULL),
(219, 8, 'G15', 'VILLA VERDE (IBUNG) 3710', NULL),
(220, 9, 'H1', 'ALIAGA 3111', NULL),
(221, 9, 'H2', 'BONGABONG 3128', NULL),
(222, 9, 'H3', 'CABANATUAN CITY 3100', NULL),
(223, 9, 'H4', 'CABIAO 3107', NULL),
(224, 9, 'H5', 'CARRANGLAN 3123', NULL),
(225, 9, 'H6', 'CENTRAL LUZON STATE UNIVERSITY (CLSU) 3120', NULL),
(226, 9, 'H7', 'CUYAPO 3117', NULL),
(227, 9, 'H8', 'FT. MAGSAYSAY 3130', NULL),
(228, 9, 'H9', 'GABALDON 3131', NULL),
(229, 9, 'H10', 'GAPAN 3105', NULL),
(230, 9, 'H12', 'GEN TINIO 3104', NULL),
(231, 9, 'H11', 'GEN. NATIVIDAD 3125', NULL),
(232, 9, 'H13', 'GUIMBA 3115', NULL),
(233, 9, 'H14', 'JAEN 3109', NULL),
(234, 9, 'H15', 'LAUR 3129', NULL),
(235, 9, 'H16', 'LICAB 3112', NULL),
(236, 9, 'H17', 'LLANERA 3126', NULL),
(237, 9, 'H18', 'LUPAO 3122', NULL),
(238, 9, 'H19', 'MU?OZ 3119', NULL),
(239, 9, 'H20', 'NAMPICUAN 3116', NULL),
(240, 9, 'H21', 'PALAYAN CITY 3132', NULL),
(241, 9, 'H22', 'PANTABANGAN 3124', NULL),
(242, 9, 'H23', 'PE?ARANDA 3103', NULL),
(243, 9, 'H24', 'QUEZON 3113', NULL),
(244, 9, 'H25', 'RIZAL 3127', NULL),
(245, 9, 'H26', 'SAN ANTONIO 3108', NULL),
(246, 9, 'H27', 'SAN ISIDRO 3106', NULL),
(247, 9, 'H28', 'SAN JOSE CITY 3121', NULL),
(248, 9, 'H29', 'SAN LEONARDO 3102', NULL),
(249, 9, 'H30', 'SANTA ROSA 3101', NULL),
(250, 9, 'H31', 'SANTO DOMINGO 3133', NULL),
(251, 9, 'H32', 'TALAVERA 3114', NULL),
(252, 9, 'H33', 'TALUGTOG 3118', NULL),
(253, 9, 'H34', 'ZARAGOSA 3110', NULL),
(254, 10, 'I1', 'ALICIA 3306', NULL),
(255, 10, 'I2', 'ANGADANAN 3307', NULL),
(256, 10, 'I3', 'AURORA 3316', NULL),
(257, 10, 'I4', 'BENITO SOLIVEN 3331', NULL),
(258, 10, 'I5', 'BURGOS 3322', NULL),
(259, 10, 'I6', 'CABAGAN 3328', NULL),
(260, 10, 'I7', 'CABATUAN 3315', NULL),
(261, 10, 'I8', 'CAUAYAN 3305', NULL),
(262, 10, 'I9', 'CORDON 3312', NULL),
(263, 10, 'I10', 'DELFIN ALBANO 3326', NULL),
(264, 10, 'I11', 'DINAPIGUI 3336', NULL),
(265, 10, 'I12', 'DIVILACAN 3335', NULL),
(266, 10, 'I13', 'ECHAGUE 3309', NULL),
(267, 10, 'I14', 'GAMU 3301', NULL),
(268, 10, 'I15', 'ILAGAN 3300', NULL),
(269, 10, 'I16', 'JONES 3313', NULL),
(270, 10, 'I17', 'LUNA 3304', NULL),
(271, 10, 'I18', 'MACONACON 3333', NULL),
(272, 10, 'I19', 'MALLIG 3323', NULL),
(273, 10, 'I20', 'NAGUILLAN 3302', NULL),
(274, 10, 'I21', 'PALANA 3334', NULL),
(275, 10, 'I22', 'QUEZON 3324', NULL),
(276, 10, 'I23', 'QUIRINO 3321', NULL),
(277, 10, 'I24', 'RAMON 3319', NULL),
(278, 10, 'I25', 'REINA MERCEDES 3303', NULL),
(279, 10, 'I26', 'ROXAS 3320', NULL),
(280, 10, 'I27', 'SAN AGUSTIN 3314', NULL),
(281, 10, 'I28', 'SAN GUILLERMO 3308', NULL),
(282, 10, 'I29', 'SAN ISIDRO 3310', NULL),
(283, 10, 'I30', 'SAN MANUEL (CALLANG) 3317', NULL),
(284, 10, 'I31', 'SAN MARIANO 3332', NULL),
(285, 10, 'I32', 'SAN MATEO 3318', NULL),
(286, 10, 'I33', 'SAN PABLO 3329', NULL),
(287, 10, 'I34', 'SANTA MARIA 3330', NULL),
(288, 10, 'I35', 'SANTIAGO 3311', NULL),
(289, 10, 'I36', 'SANTO TOMAS 3327', NULL),
(290, 10, 'I37', 'TUMAUINI 3325', NULL),
(291, 11, 'J1', 'ATOK 2612', NULL),
(292, 11, 'J2', 'BAGUIO CITY 2600', NULL),
(293, 11, 'J3', 'BAKUN 2610', NULL),
(294, 11, 'J4', 'BOKOD 2605', NULL),
(295, 11, 'J5', 'BUGUIAS 2607', NULL),
(296, 11, 'J6', 'ITOGON 2604', NULL),
(297, 11, 'J7', 'KABAYAN 2606', NULL),
(298, 11, 'J8', 'KAPANGAN 2613', NULL),
(299, 11, 'J9', 'KIBUNGAN 2611', NULL),
(300, 11, 'J10', 'LA TRINIDAD 2601', NULL),
(301, 11, 'J11', 'LEPANTO 2609', NULL),
(302, 11, 'J12', 'MANKAYAN 2608', NULL),
(303, 11, 'J13', 'PHILIPPINE MILITARY ACADEMY (PMA) 2602', NULL),
(304, 11, 'J14', 'SABLAN 2614', NULL),
(305, 11, 'J15', 'TUBA 2603', NULL),
(306, 11, 'J16', 'TUBLAY 2615', NULL),
(307, 12, 'K1', 'BOTOLAN 2202', NULL),
(308, 12, 'K2', 'CABANGAN 2203', NULL),
(309, 12, 'K3', 'CANDELARIA 2212', NULL),
(310, 12, 'K4', 'CASTOLLEJOS 2208', NULL),
(311, 12, 'K5', 'IBA 2201', NULL),
(312, 12, 'K6', 'MASINLOC 2211', NULL),
(313, 12, 'K7', 'OLONGAPO CITY 2200', NULL),
(314, 12, 'K8', 'PALAUIG 2210', NULL),
(315, 12, 'K9', 'SAN ANTONIO 2206', NULL),
(316, 12, 'K10', 'SAN FELIPE 2204', NULL),
(317, 12, 'K11', 'SAN MARCELINO 2207', NULL),
(318, 12, 'K12', 'SAN NARCISO 2205', NULL),
(319, 12, 'K13', 'STA. CRUZ 2213', NULL),
(320, 12, 'K14', 'SUBIC 2209', NULL),
(321, 13, 'L1', 'ALICIA 1105', NULL),
(322, 13, 'L2', 'AMIHAN 1102', NULL),
(323, 13, 'L3', 'APOLONIO SAMSON 1106', NULL),
(324, 13, 'L4', 'BAESA 1106', NULL),
(325, 13, 'L5', 'BAGBAG 1116', NULL),
(326, 13, 'L6', 'BAGONG BUHAY 1109', NULL),
(327, 13, 'L7', 'BAGONG LIPUNAN 1111', NULL),
(328, 13, 'L8', 'BAGONG PAGASA 1105', NULL),
(329, 13, 'L9', 'BAGONG SILANGAN 1119', NULL),
(330, 13, 'L10', 'BAGUMBAYAN 1110', NULL),
(331, 13, 'L11', 'BAHAY TORO 1106', NULL),
(332, 13, 'L12', 'BALINGASA 1115', NULL),
(333, 13, 'L13', 'BALINTAWAK 1106', NULL),
(334, 13, 'L14', 'BALUMBATO 1106', NULL),
(335, 13, 'L15', 'BAYANIHAN 1109', NULL),
(336, 13, 'L16', 'BLUE RIDGE 1109', NULL),
(337, 13, 'L17', 'BOTOCAN 1101', NULL),
(338, 13, 'L18', 'BUNGAD 1105', NULL),
(339, 13, 'L19', 'CAMP AGUINALDO 1110', NULL),
(340, 13, 'L20', 'CAPRI 1117', NULL),
(341, 13, 'L21', 'CENTRAL 1100', NULL),
(342, 13, 'L22', 'CLARO 1102', NULL),
(343, 13, 'L23', 'COMMONWEALTH 1119', NULL),
(344, 13, 'L24', 'CRAME 1111', NULL),
(345, 13, 'L25', 'CUBAO 1109', NULL),
(346, 13, 'L26', 'CULIAT 1107', NULL),
(347, 13, 'L27', 'DAMAR 1115', NULL),
(348, 13, 'L28', 'DAMAYAN 1104', NULL),
(349, 13, 'L29', 'DAMAYANG LAGI 1112', NULL),
(350, 13, 'L30', 'DEL MONTE 1105', NULL),
(351, 13, 'L31', 'DILIMAN 1104', NULL),
(352, 13, 'L32', 'DIOQUINO ZOBEL 1109', NULL),
(353, 13, 'L33', 'DON MANUEL 1113', NULL),
(354, 13, 'L34', 'DO?A AURORA 1113', NULL),
(355, 13, 'L35', 'DO?A IMELDA 1113', NULL),
(356, 13, 'L36', 'DO?A JOSEFA 1113', NULL),
(357, 13, 'L37', 'DUYAN-DUYAN 1102', NULL),
(358, 13, 'L39', 'E. RODRIGUEZ 1102', NULL),
(359, 13, 'L38', 'ESCOPA 1109', NULL),
(360, 13, 'L40', 'FAIRVIEW 1118', NULL),
(361, 13, 'L41', 'GINTONG SILAHIS 1114', NULL),
(362, 13, 'L42', 'GULOD 1117', NULL),
(363, 13, 'L43', 'HORSESHOE 1112', NULL),
(364, 13, 'L44', 'IMMACULATE CONCEPCION 1111', NULL),
(365, 13, 'L45', 'KALIGAYAHAN 1118', NULL),
(366, 13, 'L46', 'KALUSUGAN 1112', NULL),
(367, 13, 'L47', 'KAMIAS 1102', NULL),
(368, 13, 'L48', 'KAMUNING 1103', NULL),
(369, 13, 'L49', 'KATIPUNAN 1105', NULL),
(370, 13, 'L50', 'KAUNLARAN 1111', NULL),
(371, 13, 'L51', 'KRISTONG HARI 1112', NULL),
(372, 13, 'L52', 'KRUS NA LIGAS 1101', NULL),
(373, 13, 'L54', 'LA LOMA 1114', NULL),
(374, 13, 'L53', 'LAGING HANDA 1103', NULL),
(375, 13, 'L55', 'LIBIS 1110', NULL),
(376, 13, 'L56', 'LOURDES 1114', NULL),
(377, 13, 'L57', 'LOYOLA HEIGHTS 1108', NULL),
(378, 13, 'L58', 'MAHARLIKA 1114', NULL),
(379, 13, 'L59', 'MALAYA 1101', NULL),
(380, 13, 'L61', 'MAN REZA 1115', NULL),
(381, 13, 'L60', 'MANGGA 1109', NULL),
(382, 13, 'L62', 'MARIANA 1112', NULL),
(383, 13, 'L63', 'MARIBLO 1104', NULL),
(384, 13, 'L64', 'MARILAG 1109', NULL),
(385, 13, 'L65', 'MASAGANA 1109', NULL),
(386, 13, 'L66', 'MASAMBONG 1115', NULL),
(387, 13, 'L67', 'MATALAHIB 1114', NULL),
(388, 13, 'L68', 'MATANDANG BALARA 1119', NULL),
(389, 13, 'L69', 'MILAGROSA 1109', NULL),
(390, 13, 'L70', 'NAGKAISANG NAYON 1117', NULL),
(391, 13, 'L71', 'NAYONG KAUNLARAN 1104', NULL),
(392, 13, 'L72', 'NEW ERA 1107', NULL),
(393, 13, 'L73', 'NOVALICHES PROPER 1117', NULL),
(394, 13, 'L74', 'OBRERO 1103', NULL),
(395, 13, 'L75', 'OLD CAPITOL SITE 1101', NULL),
(396, 13, 'L76', 'PAANG BUNDOK 1114', NULL),
(397, 13, 'L77', 'PAGIBIG SA NAYON 1115', NULL),
(398, 13, 'L78', 'PALIGSAHAN 1103', NULL),
(399, 13, 'L79', 'PALTOK 1105', NULL),
(400, 13, 'L80', 'PANSOL 1108', NULL),
(401, 13, 'L81', 'PARAISO 1104', NULL),
(402, 13, 'L82', 'PASONG PUTIK 1118', NULL),
(403, 13, 'L83', 'PASONG TAMO 1107', NULL),
(404, 13, 'L84', 'PAYATAS 1119', NULL),
(405, 13, 'L85', 'PHIL-AM 1104', NULL),
(406, 13, 'L86', 'PINAGKAISAHAN 1111', NULL),
(407, 13, 'L87', 'PI?AHAN 1100', NULL),
(408, 13, 'L88', 'PROJECT 4 1109', NULL),
(409, 13, 'L89', 'PROJECT 6 1100', NULL),
(410, 13, 'L90', 'PROJECT 7 1105', NULL),
(411, 13, 'L91', 'PROJECT 8 1106', NULL),
(412, 13, 'L92', 'QUIRINO DISTRICT (PROJ. 2 & 3) 1102', NULL),
(413, 13, 'L93', 'R. MAGSAYSAY 1105', NULL),
(414, 13, 'L94', 'ROXAS DISTRICT 1103', NULL),
(415, 13, 'L95', 'SACRED HEART 1103', NULL),
(416, 13, 'L97', 'SAINT IGNACIUS 1110', NULL),
(417, 13, 'L98', 'SAINT PETER 1114', NULL),
(418, 13, 'L99', 'SALVACION 1114', NULL),
(419, 13, 'L00', 'SAN AGUSTIN 1117', NULL),
(420, 13, 'L01', 'SAN ANTONIO 1105', NULL),
(421, 13, 'L02', 'SAN BARTOLOME 1116', NULL),
(422, 13, 'L04', 'SAN ISIDRO 1113', NULL),
(423, 13, 'L05', 'SAN ISIDRO LABRADOR 1114', NULL),
(424, 13, 'L06', 'SAN JOSE 1115', NULL),
(425, 13, 'L07', 'SAN ROQUE 1109', NULL),
(426, 13, 'L08', 'SAN VICENTE 1101', NULL),
(427, 13, 'L03', 'SANGANDAAN 1116', NULL),
(428, 13, 'L09', 'SANTA CRUZ 1104', NULL),
(429, 13, 'LL0', 'SANTA LUCIA 1116', NULL),
(430, 13, 'LL2', 'SANTA MONICA 1117', NULL),
(431, 13, 'LL3', 'SANTA TERESITA 1114', NULL),
(432, 13, 'LL5', 'SANTO CRISTO 1105', NULL),
(433, 13, 'LL6', 'SANTO NI?O 1113', NULL),
(434, 13, 'LL4', 'SANTOLAN 1113', NULL),
(435, 13, 'LL7', 'SAUYO 1116', NULL),
(436, 13, 'LL8', 'SIENNA 1114', NULL),
(437, 13, 'LL9', 'SIKATUNA VILLAGE 1101', NULL),
(438, 13, '1L0', 'SILANGAN 1102', NULL),
(439, 13, '1L1', 'SOCORRO 1109', NULL),
(440, 13, '1L2', 'SOUTH TRIANGLE 1103', NULL),
(441, 13, 'L96', 'ST. MARTIN DE PORRES 1111', NULL),
(442, 13, '1L3', 'TAGUMPAY 1109', NULL),
(443, 13, '1L4', 'TALAYAN 1104', NULL),
(444, 13, '1L5', 'TALIPAPA 1116', NULL),
(445, 13, '1L6', 'TANDANG SORA 1107', NULL),
(446, 13, '1L7', 'TATALON 1113', NULL),
(447, 13, '1L8', 'TEACHER\'S VILLAGE 1101', NULL),
(448, 14, 'M1', 'BINONDO 1006', NULL),
(449, 14, 'M2', 'ERMITA 1000', NULL),
(450, 14, 'M4', 'INTRAMUROS 1002', NULL),
(451, 14, 'M5', 'MALATE 1004', NULL),
(452, 14, 'M3', 'P.O. BOXES MANILA CPO 1099', NULL),
(453, 14, 'M6', 'PACO 1007', NULL),
(454, 14, 'M7', 'PANDACAN 1011', NULL),
(455, 14, 'M8', 'PORT AREA (SOUTH) 1002', NULL),
(456, 14, 'M9', 'QUIAPO 1001', NULL),
(457, 14, 'M10', 'SAMPALOC 1008', NULL),
(458, 14, 'M11', 'SAN ANDRES BUKID 1013', NULL),
(459, 14, 'M12', 'SAN MIGUEL 1005', NULL),
(460, 14, 'M13', 'SAN NICOLAS 1010', NULL),
(461, 14, 'M14', 'SANTA ANA 1009', NULL),
(462, 14, 'M15', 'SANTA CRUZ 1003', NULL),
(463, 14, 'M16', 'SANTA MESA 1008', NULL),
(464, 14, 'M17', 'TONDO 1012', NULL),
(465, 15, 'N1', 'BAESA, KALOOKAN CITY 1401', NULL),
(466, 15, 'N2', 'FORT BONIFACIO 1201', NULL),
(467, 15, 'N3', 'FT. BN. NAVAL STN.  1202', NULL),
(468, 15, 'N4', 'GREENHILLS 1502', NULL),
(469, 15, 'N5', 'KALOOKAN CITY 1400', NULL),
(470, 15, 'N6', 'LAS PI?AS 1701', NULL),
(471, 15, 'N7', 'MAKATI 1200', NULL),
(472, 15, 'N8', 'MAKATI P.O. BAXES 1299', NULL),
(473, 15, 'N9', 'MALABON 1404', NULL),
(474, 15, 'N10', 'MANDALUYONG 1501', NULL),
(475, 15, 'N11', 'MARIKINA 1800', NULL),
(476, 15, 'N12', 'MERALCO, PASIG 1602', NULL),
(477, 15, 'N13', 'MUNTINLUPA 1702', NULL),
(478, 15, 'N14', 'NAVOTAS 1403', NULL),
(479, 15, 'N15', 'NEW BILIBID PRISON 1703', NULL),
(480, 15, 'N16', 'NICHOLS AIRBASE 1301', NULL),
(481, 15, 'N19', 'P.O. BOXES PCPO 1399', NULL),
(482, 15, 'N17', 'PARA?AQUE 1700', NULL),
(483, 15, 'N18', 'PASAY CITY 1300', NULL),
(484, 15, 'N20', 'PASIG 1600', NULL),
(485, 15, 'N21', 'PASIG CAPITOL 1601', NULL),
(486, 15, 'N23', 'PATEROS 1603', NULL),
(487, 15, 'N22', 'POLO, VALENZUELA 1406', NULL),
(488, 15, 'N24', 'SAN JUAN 1500', NULL),
(489, 15, 'N25', 'TAGUIG 1604', NULL),
(490, 15, 'N26', 'TALA LEPROSARIUM 1402', NULL),
(491, 15, 'N27', 'VALENZUELA 1405', NULL),
(492, 16, 'O1', 'AGBANGAN 4304', NULL),
(493, 16, 'O2', 'ALABAT 4333', NULL),
(494, 16, 'O3', 'ATIMONAN 4331', NULL),
(495, 16, 'O4', 'BUENAVISTA 4320', NULL),
(496, 16, 'O5', 'BURDEOS 4340', NULL),
(497, 16, 'O6', 'CALAUAG 4318', NULL),
(498, 16, 'O7', 'CANDELARIA 4323', NULL),
(499, 16, 'O8', 'CATANAUAN 4311', NULL),
(500, 16, 'O9', 'DOLORES 4326', NULL),
(501, 16, 'O10', 'GENERAL LUNA 4310', NULL),
(502, 16, 'O11', 'GENERAL NAKAR 4338', NULL),
(503, 16, 'O12', 'GUINAYANGAN 4319', NULL),
(504, 16, 'O13', 'GUMACA 4307', NULL),
(505, 16, 'O14', 'HONDAGUA 4317', NULL),
(506, 16, 'O15', 'INFANTA 4336', NULL),
(507, 16, 'O16', 'JOMALIG 4342', NULL),
(508, 16, 'O17', 'LOPEZ 4316', NULL),
(509, 16, 'O18', 'LUCBAN  4301', NULL),
(510, 16, 'O19', 'LUCENA CITY 4301', NULL),
(511, 16, 'O20', 'MACALELON 4309', NULL),
(512, 16, 'O21', 'MAUBAN 4330', NULL),
(513, 16, 'O22', 'MULANAY 4312', NULL),
(514, 16, 'O23', 'PADRE BURGOS 4303', NULL),
(515, 16, 'O24', 'PAGBILAO 4302', NULL),
(516, 16, 'O25', 'PANUKULA 4337', NULL),
(517, 16, 'O26', 'PATNANONGAN 4341', NULL),
(518, 16, 'O27', 'PEREZ 4334', NULL),
(519, 16, 'O28', 'PITOGO 4308', NULL),
(520, 16, 'O29', 'PLARIDEL 4306', NULL),
(521, 16, 'O30', 'POLILIO 4339', NULL),
(522, 16, 'O31', 'QUEZON 4332', NULL),
(523, 16, 'O32', 'QUEZON CAPITOL 4300', NULL),
(524, 16, 'O33', 'REAL 4335', NULL),
(525, 16, 'O34', 'SAMPALOC 4329', NULL),
(526, 16, 'O35', 'SAN ANDRES 4314', NULL),
(527, 16, 'O36', 'SAN ANTONIO 4324', NULL),
(528, 16, 'O37', 'SAN FRANCISCO 4315', NULL),
(529, 16, 'O38', 'SAN NARCISO 4313', NULL),
(530, 16, 'O39', 'SARIAYA 4322', NULL),
(531, 16, 'O40', 'TAGKAWAYAN 4321', NULL),
(532, 16, 'O41', 'TAYABAS 4327', NULL),
(533, 16, 'O42', 'TIAONG 4325', NULL),
(534, 16, 'O43', 'UNISAN 4305', NULL),
(535, 17, 'P1', 'ANGONO 1902', NULL),
(536, 17, 'P2', 'ANTIPOLO 1906', NULL),
(537, 17, 'P3', 'BARAS 1908', NULL),
(538, 17, 'P4', 'BINANGONAN 1903', NULL),
(539, 17, 'P5', 'CAINTA 1900', NULL),
(540, 17, 'P6', 'CORDONA 1904', NULL),
(541, 17, 'P7', 'JALA-JALA 1911', NULL),
(542, 17, 'P8', 'MONTALBAN (RODRIGUEZ) 1802', NULL),
(543, 17, 'P9', 'MORON 1905', NULL),
(544, 17, 'P10', 'PILILIA 1910', NULL),
(545, 17, 'P11', 'SAN MATEO 1801', NULL),
(546, 17, 'P12', 'TANAY 1909', NULL),
(547, 17, 'P13', 'TAYTAY 1901', NULL),
(548, 17, 'P14', 'TERESA 1907', NULL),
(549, 18, 'Q1', 'ABULOG 3517', NULL),
(550, 18, 'Q2', 'ALCALA 3507', NULL),
(551, 18, 'Q3', 'ALLACAPAN 3523', NULL),
(552, 18, 'Q4', 'AMULONG 3505', NULL),
(553, 18, 'Q5', 'APARRI 3515', NULL),
(554, 18, 'Q6', 'BAGGAO 3506', NULL),
(555, 18, 'Q7', 'BALLESTEROS 3516', NULL),
(556, 18, 'Q8', 'BUGUEY 3511', NULL),
(557, 18, 'Q9', 'CALAYAN 3520', NULL),
(558, 18, 'Q10', 'CAMALINIUGAN 3510', NULL),
(559, 18, 'Q11', 'CLAVERIA 3519', NULL),
(560, 18, 'Q12', 'ENRILE 3501', NULL),
(561, 18, 'Q13', 'GATTARAN 3508', NULL),
(562, 18, 'Q14', 'GONZAGA 3513', NULL),
(563, 18, 'Q15', 'IGUIG 3504', NULL),
(564, 18, 'Q16', 'LAL-LO 3509', NULL),
(565, 18, 'Q17', 'LASAM 3524', NULL),
(566, 18, 'Q18', 'PAMPLONA 3522', NULL),
(567, 18, 'Q19', 'PE?ABLANCA 3502', NULL),
(568, 18, 'Q20', 'PIAT 3527', NULL),
(569, 18, 'Q21', 'RIZAL 3526', NULL),
(570, 18, 'Q22', 'SANCHES MIRA 3518', NULL),
(571, 18, 'Q23', 'SANTA ANA 3514', NULL),
(572, 18, 'Q24', 'SANTA PRAXEDEZ 3521', NULL),
(573, 18, 'Q25', 'SANTA TERESITA 3512', NULL),
(574, 18, 'Q26', 'SANTO NI?O 3525', NULL),
(575, 18, 'Q27', 'SOLANA 3503', NULL),
(576, 18, 'Q28', 'TUAO 3528', NULL),
(577, 18, 'Q29', 'TUGUEGARAO 3500', NULL),
(578, 19, 'R1', 'AGUINALDO 3606', NULL),
(579, 19, 'R2', 'BANAUE 3601', NULL),
(580, 19, 'R3', 'HINGYON 3607', NULL),
(581, 19, 'R4', 'HUNGDUAN 3603', NULL),
(582, 19, 'R5', 'KIANGAN 3604', NULL),
(583, 19, 'R6', 'LAGAWE 3600', NULL),
(584, 19, 'R7', 'LAMUT 3605', NULL),
(585, 19, 'R8', 'MAYOYAO 3602', NULL),
(586, 19, 'R9', 'POTIA 3608', NULL),
(587, 19, 'R10', 'TINOC 3609', NULL),
(588, 20, 'S1', 'ALABEL 9501', NULL),
(589, 20, 'S2', 'BANGA 9511', NULL),
(590, 20, 'S4', 'GEN. SANTOS CITY 9500', NULL),
(591, 20, 'S3', 'GLAN 9517', NULL),
(592, 20, 'S5', 'KIAMBA 9517', NULL),
(593, 20, 'S6', 'KORONADAL 9506', NULL),
(594, 20, 'S7', 'MAASIM 9502', NULL),
(595, 20, 'S8', 'MAITUM 9515', NULL),
(596, 20, 'S9', 'MALAPATAN 9516', NULL),
(597, 20, 'S10', 'MALUNGON 9503', NULL),
(598, 20, 'S11', 'NORALA 9508', NULL),
(599, 20, 'S12', 'POLOMOLOK 9504', NULL),
(600, 20, 'S13', 'STO. NI?O 9509', NULL),
(601, 20, 'S14', 'SURALLAH 9512', NULL),
(602, 20, 'S15', 'TAMPACAN 9507', NULL),
(603, 20, 'S16', 'TANTANGAN 9510', NULL),
(604, 20, 'S17', 'T\'BOLI 9513', NULL),
(605, 20, 'S18', 'TUPI 9505', NULL),
(606, 21, 'T1', 'ALAMADA 9413', NULL),
(607, 21, 'T2', 'ALEOSAN 9415', NULL),
(608, 21, 'T3', 'ANTIPAS 9414', NULL),
(609, 21, 'T4', 'BANISILAN 9416', NULL),
(610, 21, 'T5', 'CARMEN 9408', NULL),
(611, 21, 'T6', 'KABACAN 9407', NULL),
(612, 21, 'T7', 'KIDAPAWAN 9400', NULL),
(613, 21, 'T8', 'LIBUNGAN 9411', NULL),
(614, 21, 'T9', 'MAGPET 9404', NULL),
(615, 21, 'T10', 'MAKILALA 9401', NULL),
(616, 21, 'T12', 'MATALAM 9406', NULL),
(617, 21, 'T11', 'MATALAM 9406', NULL),
(618, 21, 'T13', 'MIDSAYAP 9410', NULL),
(619, 21, 'T14', 'M\'LANG 9402', NULL),
(620, 21, 'T15', 'PIGKAWAYAN 9412', NULL),
(621, 21, 'T16', 'PIKIT 9409', NULL),
(622, 21, 'T17', 'PRES. ROXAS 9405', NULL),
(623, 21, 'T18', 'TULUNAN 9403', NULL),
(624, 22, 'U1', 'ALICIA 7040', NULL),
(625, 22, 'U2', 'AURORA 7020', NULL),
(626, 22, 'U3', 'BAYOG 7011', NULL),
(627, 22, 'U4', 'BUUG 7009', NULL),
(628, 22, 'U5', 'DIMATALING 7032', NULL),
(629, 22, 'U6', 'DINAS 7030', NULL),
(630, 22, 'U7', 'DIPLAHAN 7039', NULL),
(631, 22, 'U8', 'DOM MARIANO MARCOS 7022', NULL),
(632, 22, 'U9', 'DUMALINAO 7015', NULL),
(633, 22, 'U10', 'DUMINGAG 7028', NULL),
(634, 22, 'U11', 'IMELDA 7007', NULL),
(635, 22, 'U12', 'IPIL 7001', NULL),
(636, 22, 'U13', 'JOSEFINA 7027', NULL),
(637, 22, 'U14', 'KABASALAN 7005', NULL),
(638, 22, 'U15', 'KUMALARANG 7013', NULL),
(639, 22, 'U16', 'LABANGAN 7017', NULL),
(640, 22, 'U17', 'LAKEWOOD 7014', NULL),
(641, 22, 'U18', 'LAPUYAN 7037', NULL),
(642, 22, 'U19', 'MABUHAY 7010', NULL),
(643, 22, 'U20', 'MAHAYAG 7026', NULL),
(644, 22, 'U21', 'MALANGAS 7038', NULL),
(645, 22, 'U22', 'MARGO SA TUBIG 7035', NULL),
(646, 22, 'U23', 'MIDSALIP 7021', NULL),
(647, 22, 'U24', 'MOLAVE 7023', NULL),
(648, 22, 'U25', 'NAGA CITY 7004', NULL),
(649, 22, 'U26', 'OLUTANGA 7041', NULL),
(650, 22, 'U27', 'PAGADIAN CITY 7016', NULL),
(651, 22, 'U28', 'PAYAO 7008', NULL),
(652, 22, 'U29', 'PITOGO 7033', NULL),
(653, 22, 'U30', 'RAMON MAGSAYSAY 7024', NULL),
(654, 22, 'U31', 'ROSELLER LIM 7002', NULL),
(655, 22, 'U32', 'SAN MIGUEL 7029', NULL),
(656, 22, 'U33', 'SAN PABLO 7031', NULL),
(657, 22, 'U34', 'SIAY 7006', NULL),
(658, 22, 'U35', 'TABINA 7034', NULL),
(659, 22, 'U36', 'TALUSAN 7012', NULL),
(660, 22, 'U37', 'TAMBULIG 7025', NULL),
(661, 22, 'U38', 'TITAY 7003', NULL),
(662, 22, 'U39', 'TUKURAN 7019', NULL),
(663, 22, 'U40', 'TUNGAWAN 7018', NULL),
(664, 22, 'U41', 'VICENCIO SAGUN 7036', NULL),
(665, 22, 'U42', 'ZAMBOANGA CITY 7000', NULL),
(666, 23, 'V1', 'BALIGUAN 7123', NULL),
(667, 23, 'V2', 'DAPITAN CITY 7101', NULL),
(668, 23, 'V3', 'DIPOLOG CITY 7100', NULL),
(669, 23, 'V4', 'GUTALAC 7118', NULL),
(670, 23, 'V5', 'JOSE DALMAN (PONOT) 7111', NULL),
(671, 23, 'V6', 'KATIPUNAN 7109', NULL),
(672, 23, 'V8', 'LA LIBERTAD 7119', NULL),
(673, 23, 'V7', 'LABASON 7117', NULL),
(674, 23, 'V9', 'LILOY 7115', NULL),
(675, 23, 'V10', 'MANUKAN 7110', NULL),
(676, 23, 'V11', 'MUTIA 7107', NULL),
(677, 23, 'V12', 'PINAN 7105', NULL),
(678, 23, 'V13', 'POLANCO 7106', NULL),
(679, 23, 'V14', 'RIZAL 7104', NULL),
(680, 23, 'V15', 'ROXAS 7102', NULL),
(681, 23, 'V16', 'SALUG 7114', NULL),
(682, 23, 'V17', 'SERGIO OSME?A 7108', NULL),
(683, 23, 'V18', 'SIAYAN 7113', NULL),
(684, 23, 'V19', 'SIBUCO 7122', NULL),
(685, 23, 'V20', 'SIBUTAD 7103', NULL),
(686, 23, 'V21', 'SINDANGAN 7112', NULL),
(687, 23, 'V22', 'SIOCON 7120', NULL),
(688, 23, 'V23', 'SIRAWAY 7121', NULL),
(689, 23, 'V24', 'TAMPILISAN 7116', NULL),
(690, 24, 'W1', 'BALBALAN 3801', NULL),
(691, 24, 'W2', 'CALANASAN 3814', NULL),
(692, 24, 'W3', 'CONNER 3807', NULL),
(693, 24, 'W4', 'FLORA 3810', NULL),
(694, 24, 'W5', 'KABUGAO 3809', NULL),
(695, 24, 'W6', 'LIWAN (RIZAL) 3808', NULL),
(696, 24, 'W7', 'LUBUAGAN 3802', NULL),
(697, 24, 'W8', 'LUNA 3813', NULL),
(698, 24, 'W9', 'PASIL 3803', NULL),
(699, 24, 'W10', 'PINUKPOK 3806', NULL),
(700, 24, 'W11', 'PUDTOL 3812', NULL),
(701, 24, 'W12', 'SANTA MARCELA 3811', NULL),
(702, 24, 'W13', 'TABUK 3800', NULL),
(703, 24, 'W14', 'TANUDAN 3805', NULL),
(704, 24, 'W15', 'TANUDAN 3805', NULL),
(705, 24, 'W16', 'TINGLAYAN 3804', NULL),
(706, 25, 'X1', 'BARLIG 2623', NULL),
(707, 25, 'X2', 'BAUKO 2621', NULL),
(708, 25, 'X3', 'BESAO 2618', NULL),
(709, 25, 'X4', 'BONTOC 2616', NULL),
(710, 25, 'X5', 'NATONIN 2624', NULL),
(711, 24, 'X6', 'PARACELES 2625', NULL),
(712, 25, 'X7', 'SABANGAN 2622', NULL),
(713, 25, 'X8', 'SADANGA 2617', NULL),
(714, 25, 'X9', 'SAGADA 2619', NULL),
(715, 25, 'X10', 'TADIAN 2620', NULL),
(716, 26, 'Y1', 'CEBU CITY 6000', NULL),
(717, 27, 'Z1', 'LEON 5026', NULL),
(718, 28, '1ZY', 'BALER 3200', NULL),
(719, 28, '2ZY', 'CASIGURAN 3204', NULL),
(720, 28, '3ZY', 'DISALAG 3205', NULL),
(721, 28, '4ZY', 'DINALUNGAN 3206', NULL),
(722, 28, '5ZY', 'DINGALAN 3207', NULL),
(723, 28, '6ZY', 'DIPACULAO 3203', NULL),
(724, 28, '7ZY', 'MARIA AURORA 3202', NULL),
(725, 28, '8ZY', 'SAN LUIS 3201', NULL),
(726, 27, 'Z2', 'ILOILO CITY 5000', NULL),
(727, 29, '1ZX', 'ROMBLON 5500', NULL),
(728, 30, '1ZW', 'LOS BA?OS 4030', NULL),
(729, 31, '1ZV', 'PANDAN 4809', NULL),
(730, 32, '1ZU', 'MALOLOS 3000', NULL),
(731, 33, '1ZS', 'CARAMOAN 4429', NULL),
(732, 33, '2ZS', 'PAMPLONA 4416', NULL),
(733, 34, '1ZR', 'SAPIAN 5806', NULL),
(734, 35, '1ZQ', 'ESCALANTE 6124', NULL),
(735, 36, '1ZP', 'ALEGRIA 8425', NULL),
(736, 36, '2ZP', 'BACUAG 8408', NULL),
(737, 36, '3ZP', 'BASILISA (RIZAL) 8413', NULL),
(738, 36, '4ZP', 'BURGOS 8424', NULL),
(739, 36, '5ZP', 'CAGDIANAO 8411', NULL),
(740, 36, '6ZP', 'CLAVER 8410', NULL),
(741, 36, '7ZP', 'DAPA 8417', NULL),
(742, 36, '8ZP', 'DEL CARMEN 8418', NULL),
(743, 36, '9ZP', 'DINAGAT 8412', NULL),
(744, 36, '01Z', 'GEN. LUNA 8419', NULL),
(745, 36, '02Z', 'GIGAQUIT 8409', NULL),
(746, 36, '03Z', 'LIBJO (ALBOR) 8414', NULL),
(747, 36, '04Z', 'LORETO 8415', NULL),
(748, 36, '05Z', 'MAINIT 8407', NULL),
(749, 36, '06Z', 'MALIMANO 8402', NULL),
(750, 36, '07Z', 'PILAR 8420', NULL),
(751, 36, '08Z', 'PLACER 8405', NULL),
(752, 36, '09Z', 'SAN BENITO 8423', NULL),
(753, 36, 'Z01', 'SAN FRANCISCO 8401', NULL),
(754, 36, 'Z02', 'SAN ISIDRO 8421', NULL),
(755, 36, 'Z03', 'SANTA MONICA 8422', NULL),
(756, 36, 'Z04', 'SISON 8404', NULL),
(757, 36, 'Z05', 'SOCORRO 8416', NULL),
(758, 36, 'Z06', 'SURIGAO CITY 8400', NULL),
(759, 36, 'Z07', 'TAGANA-AN 8403', NULL),
(760, 36, 'Z08', 'TUBAJON 8426', NULL),
(761, 36, 'Z09', 'TUBOD 8406', NULL),
(762, 27, 'Z10', 'DUMANGAS', NULL),
(763, 13, '168', 'MURPHY', NULL),
(764, 29, 'E69', 'ODIONGAN', NULL),
(765, 37, '1ZZ', 'GUIHOLNGAN', NULL),
(766, 21, 'T19', 'TUNGGOL', NULL),
(767, 33, '987', 'PILI', NULL),
(768, 35, '00Z', 'SILAY CITY', NULL),
(769, 27, '152', 'CARLES', NULL),
(770, 32, '564', 'MEYCAUYAN', NULL),
(771, 35, 'ZER', 'MANAPLA', NULL),
(772, 30, '75', '5555323', NULL),
(773, 14, 'J20', 'N/A', NULL),
(774, 32, 'Z99', 'BUSTOS', NULL),
(775, 41, '8ZX', 'KADUNA STATE', NULL),
(776, 13, '889', 'ST. LUKES HOSP.', NULL),
(777, 40, '99X', 'BACOOR', NULL),
(778, 42, '534', 'JARO', NULL),
(779, 43, '9XX', 'STO. NI?O', NULL),
(780, 44, '457', 'ALITAGTAG', NULL),
(781, 16, '643', 'ANTIMONAN', NULL),
(782, 30, 'Z3Z', 'MAJAYJAY', NULL),
(783, 30, '687', 'CALAUAN', NULL),
(784, 33, '783', 'OCAMPO', NULL),
(785, 15, '897', 'CALOOCAN CITY', NULL),
(786, 3, '693', 'STA. MARIA', NULL),
(787, 42, '846', 'BAYBAY', NULL),
(788, 45, '30A', 'CALAPAN', NULL),
(789, 35, '99E', 'BAGO CITY', NULL),
(790, 46, '236', 'NASIPIT', NULL),
(791, 4, '399', 'SAN MANUEL', NULL),
(792, 47, '716', 'BATAN', NULL),
(793, 32, '459', 'OBANDO', NULL),
(794, 35, '567', 'HIMAMAYLAN', NULL),
(795, 35, '676', 'CADIZ CITY', NULL),
(796, 42, '265', 'ALANGALANG', NULL),
(797, 48, '8X8', 'STA. MARCELA', NULL),
(798, 49, '529', 'LIMAY', NULL),
(799, 40, '544', 'IMUS', NULL),
(800, 45, '12F', 'VICTORIA', NULL),
(801, 50, '434', 'PALANAS', NULL),
(802, 14, '053', 'QUEZON CITY', NULL),
(803, 51, '13S', 'CABARROGUIS', NULL),
(804, 1, '232', 'DAMORTIS', NULL),
(805, 27, '46S', 'ESTANCIA', NULL),
(806, 52, '58A', 'BOAC', NULL),
(807, 27, '654', 'MIAGAO', NULL),
(808, 53, '045', 'TACURONG CITY', NULL),
(809, 44, '15f', 'BAUAN', NULL),
(810, 8, '321', 'BELANCE', NULL),
(811, 54, '32A', 'SAGAY', NULL),
(812, 51, '11s', 'MADDELA', NULL),
(813, 34, '654', 'IUSAN', NULL),
(814, 19, '55a', 'ALFONSO LISTA', NULL),
(815, 27, '54o', 'CONCEPCION', NULL),
(816, 56, '12A', 'ARAS-ASAN', NULL),
(817, 42, 'dfa', 'VILLABA', NULL),
(818, 57, '466', 'PADADA', NULL),
(819, 56, '2sa', 'TANDAG', NULL),
(820, 58, '654', 'IRUHIN WEST', NULL),
(821, 7, 'w65', 'SAN FERNANDO', NULL),
(822, 37, '654', 'TANJAY', NULL),
(823, 35, 'as5', 'BACOLOD CITY', NULL),
(824, 59, '54s', 'FLORIDA', NULL),
(825, 44, '23S', 'BALIBAGO', NULL),
(826, 14, '654', 'DAPITAN', NULL),
(827, 60, 'a45', 'JEDDAH', NULL),
(828, 27, '46W', 'CALINOG', NULL),
(829, 32, '65s', 'CALUMPIT', NULL),
(830, 61, '464', 'PETERBOROUGH', NULL),
(831, 62, '654', 'MARANDING LALA', NULL),
(832, 35, '54a', 'SIPALAY', NULL),
(833, 32, '5as', 'SAN JOSE DEL MONTE', NULL),
(834, 57, 'd89', 'BANSALAN', NULL),
(835, 63, 'D5F', 'LEGAZPI CITY', NULL),
(836, 64, '5a5', 'GRAZ', NULL),
(837, 44, '21s', 'BALAYAN', NULL),
(838, 44, 'as8', 'LIPA', NULL),
(839, 30, '21l', 'SANTA CRUZ', NULL),
(840, 14, 'asd', '', NULL),
(841, 65, '556', 'LANTAPAN', NULL),
(842, 32, '646', 'STA. MARIA', NULL),
(843, 66, '9YT', 'SAN FRANCISCO', NULL),
(844, 30, '21a', 'BI?AN', NULL),
(845, 11, '4as', 'ABATAN', NULL),
(846, 57, '12s', 'N/A', NULL),
(847, 43, '23s', 'GUIUAN', NULL),
(848, 31, '4aw', 'VIGA', NULL),
(849, 42, '2as', 'ISABEL', NULL),
(850, 43, '2s6', 'CAPAYSAGAN', NULL),
(851, 35, '56a', 'LA CARLOTA', NULL),
(852, 68, '655', 'KABAGAN', NULL),
(853, 46, 'k2l', 'BUTUAN CITY', NULL),
(854, 30, '1ZX', 'SAN PABLO CITY 4000', NULL),
(855, 30, '1z0', 'SAN PABLO', NULL),
(856, 32, '26x', 'ANGAT', NULL),
(857, 30, '4a4', 'CANLUBANG', NULL),
(858, 30, '8as', 'LANDAYAN', NULL),
(859, 34, '56U', 'PANAY', NULL),
(860, 32, '544', 'BULACAN', NULL),
(861, 47, '8a6', 'KALIBO', NULL),
(862, 71, 'XXX', 'TORIL', NULL),
(863, 45, '30b', 'NAUJAN', NULL),
(864, 54, '8as', 'MEDINA', NULL),
(865, 42, 'AS1', 'TACLOBAN', NULL),
(866, 35, '7a4', 'BINALBAGAN', NULL),
(867, 73, 'af5', 'ORDANETA CITY', NULL),
(868, 40, '242', 'TRECE MARTIRES', NULL),
(869, 30, '123', 'PILA', NULL),
(870, 73, NULL, 'ORQUIETA CITY', NULL);

-- --------------------------------------------------------

--
-- Table structure for table `other_history`
--

CREATE TABLE `other_history` (
  `id` int(11) NOT NULL,
  `record_id` int(11) DEFAULT NULL,
  `hospital_name` varchar(500) DEFAULT NULL,
  `complaint` longtext,
  `diagnosis` longtext
) ENGINE=InnoDB DEFAULT CHARSET=latin1;

--
-- Dumping data for table `other_history`
--

INSERT INTO `other_history` (`id`, `record_id`, `hospital_name`, `complaint`, `diagnosis`) VALUES
(1, 1, '1', '1', '1'),
(2, 2, '1', '1', '1'),
(3, 3, NULL, NULL, NULL),
(4, 4, NULL, NULL, NULL),
(5, 5, NULL, NULL, NULL),
(6, 6, NULL, NULL, NULL),
(7, 7, NULL, NULL, NULL),
(8, 8, NULL, NULL, NULL),
(9, 9, 'dsfh', 'dfhdfh', 'dfshdf');

-- --------------------------------------------------------

--
-- Table structure for table `patients`
--

CREATE TABLE `patients` (
  `id` int(11) NOT NULL,
  `hospital_no` varchar(50) DEFAULT NULL,
  `first_name` varchar(100) DEFAULT NULL,
  `middle_name` varchar(100) DEFAULT NULL,
  `last_name` varchar(100) DEFAULT NULL,
  `date_of_birth` date DEFAULT NULL,
  `age` int(11) DEFAULT NULL,
  `birth_place` varchar(100) DEFAULT NULL,
  `gender` varchar(100) DEFAULT NULL,
  `mobile_number` varchar(100) DEFAULT NULL,
  `civil_status` varchar(100) DEFAULT NULL,
  `province` int(11) DEFAULT NULL,
  `city` int(11) DEFAULT NULL,
  `barangay` int(11) DEFAULT NULL,
  `nationality` varchar(100) DEFAULT NULL,
  `religion` varchar(100) DEFAULT NULL,
  `occupation` varchar(100) DEFAULT NULL,
  `pwd` varchar(50) DEFAULT NULL,
  `senior_citizen` varchar(50) DEFAULT NULL,
  `smoker` varchar(50) DEFAULT NULL,
  `membership` varchar(50) DEFAULT NULL,
  `categories` varchar(50) DEFAULT NULL
) ENGINE=InnoDB DEFAULT CHARSET=latin1;

--
-- Dumping data for table `patients`
--

INSERT INTO `patients` (`id`, `hospital_no`, `first_name`, `middle_name`, `last_name`, `date_of_birth`, `age`, `birth_place`, `gender`, `mobile_number`, `civil_status`, `province`, `city`, `barangay`, `nationality`, `religion`, `occupation`, `pwd`, `senior_citizen`, `smoker`, `membership`, `categories`) VALUES
(1, '0001', 'Marimar', 'D.', 'Full', '1997-12-30', 20, 'SFC', 'Female', '09798989888', 'Married', 1, 3, 196, 'Filipino', 'INC', 'Housekeeper', 'No', 'No', 'Yes', 'PHIC', 'OWWA'),
(2, '0002', 'asd', 'asd', 'asd', '1996-04-22', 22, 'asd', 'Male', '09131231233', 'Single', 1, 2, 225, 'la', 'asd', 'asd', '1', 'No', 'No', 'NON PHIC', 'Private'),
(3, '0003', 'Reanjan', 'Ragudo', 'Obra', '1994-04-25', 24, '', 'Male', '09415165135', 'Single', 1, 4, 338, 'Filipino', NULL, NULL, 'No', 'No', 'No', 'NON PHIC', 'Govt');

-- --------------------------------------------------------

--
-- Table structure for table `prescriptions`
--

CREATE TABLE `prescriptions` (
  `id` int(11) NOT NULL,
  `record_id` int(11) DEFAULT NULL,
  `medicine` varchar(10000) DEFAULT NULL,
  `quantity` int(11) DEFAULT NULL,
  `dosage` varchar(100) DEFAULT NULL
) ENGINE=InnoDB DEFAULT CHARSET=latin1;

--
-- Dumping data for table `prescriptions`
--

INSERT INTO `prescriptions` (`id`, `record_id`, `medicine`, `quantity`, `dosage`) VALUES
(1, 1, '1', 0, '2'),
(2, 1, '1', 0, '2'),
(3, 2, '1', 2, '3'),
(4, 2, '4', 5, '6'),
(5, 3, 'sdgadsga', 3435, 'vnzdh'),
(6, 3, 'sdgsadgash', 3453, 'eahawrhear'),
(7, 4, 'adfgbsf', 54, 'dbzdbd'),
(8, 4, 'adfgb fdse', 53, 'zdgndzn'),
(9, 5, 'hmtym', 43, 'sghdgn'),
(10, 5, 'sdgndn', 54, 'afsfsba'),
(11, 6, 'dfshdf', 4, 'gfngd'),
(12, 7, 'fdndfn', 43, 'fgjndrm'),
(13, 7, 'dshdf', 53, 'gdhetzajn'),
(14, 8, 'gjfghj', 34, 'fgjfg'),
(15, 8, 'dsfhsdf', 534, 'fjdf'),
(16, 9, 'dsfhfds', 435, 'dghnds'),
(17, 9, 'dfhfdsh', 435, 'dfhdsfh');

-- --------------------------------------------------------

--
-- Table structure for table `provinces`
--

CREATE TABLE `provinces` (
  `province_id` int(10) NOT NULL,
  `province_code` varchar(10) DEFAULT NULL,
  `province_description` varchar(100) DEFAULT NULL,
  `update_log` datetime DEFAULT NULL
) ENGINE=InnoDB DEFAULT CHARSET=latin1;

--
-- Dumping data for table `provinces`
--

INSERT INTO `provinces` (`province_id`, `province_code`, `province_description`, `update_log`) VALUES
(1, '072', 'LA UNION', NULL),
(2, '073', 'ILOCOS NORTE', NULL),
(3, '074', 'ILOCOS SUR', NULL),
(4, '075', 'PANGASINAN', NULL),
(5, '076', 'ABRA', NULL),
(6, '077', 'TARLAC', NULL),
(7, '078', 'PAMPANGA', NULL),
(8, '080', 'NUEVA VIZCAYA', NULL),
(9, '081', 'NUEVA ECIJA', NULL),
(10, '082', 'ISABELA', NULL),
(11, '085', 'BENGUET', NULL),
(12, '086', 'ZAMBALES', NULL),
(13, '087', 'QUEZON CITY', NULL),
(14, '088', 'MANILA', NULL),
(15, '089', 'METRO MANILA', NULL),
(16, '090', 'QUEZON PROVINCE', NULL),
(17, '091', 'RIZAL PROVINCE', NULL),
(18, '092', 'CAGAYAN', NULL),
(19, '093', 'IFUGAO', NULL),
(20, '094', 'SOUTH COTABATO', NULL),
(21, '095', 'NORTH COTABATO', NULL),
(22, '096', 'ZAMBOANGA DEL SUR', NULL),
(23, '097', 'ZAMBOANGA DEL NORTE', NULL),
(24, '098', 'KALINGA', NULL),
(25, '099', 'MOUNTAIN PROVINCE', NULL),
(26, '100', 'CEBU PROVINCE', NULL),
(27, '101', 'ILOILO PROVINCE', NULL),
(28, '102', 'AURORA', NULL),
(29, '103', 'ROMBLON PROVINCE', NULL),
(30, '104', 'LAGUNA', NULL),
(31, '105', 'CATANDUANES', NULL),
(32, '106', 'BULACAN PROVINCE', NULL),
(33, '107', 'CAMARINES SUR', NULL),
(34, '108', 'CAPIZ', NULL),
(35, '109', 'NEGROS OCCIDENTAL', NULL),
(36, '110', 'SURIGAO DEL NORTE', NULL),
(37, '111', 'NEGROS ORIENTAL', NULL),
(38, '700', 'SOUTHERN LEYTE', NULL),
(39, '116', 'N/A', NULL),
(40, '133', 'CAVITE', NULL),
(41, '995', 'NIGERIA', NULL),
(42, '864', 'LEYTE', NULL),
(43, '500', 'SAMAR', NULL),
(44, '786', 'BATANGAS', NULL),
(45, '300', 'ORIENTAL MINDORO', NULL),
(46, '212', 'AGUSAN DEL NORTE', NULL),
(47, '544', 'AKLAN', NULL),
(48, '668', 'APAYAO', NULL),
(49, '563', 'BATAAN', NULL),
(50, '112', 'MASBATE', NULL),
(51, '123', 'QUIRINO PROVINCE', NULL),
(52, '035', 'MARINDUQUE', NULL),
(53, '065', 'SULTAN CUDARAT', NULL),
(54, '021', 'MISAMIS ORIENTAL', NULL),
(55, '565', 'ZAMBOANGA CITY', NULL),
(56, '696', 'SURIGAO DEL SUR', NULL),
(57, '350', 'DAVAO DEL SUR', NULL),
(58, '324', 'TAGAYTAY CITY', NULL),
(59, '456', 'USA', NULL),
(60, '989', 'SAUDI ARABIA', NULL),
(61, '564', 'ONTARIO', NULL),
(62, '654', 'LANAO DEL NORTE', NULL),
(63, '052', 'ALBAY', NULL),
(64, '015', 'AUSTRIA', NULL),
(65, '909', 'BUKIDNON', NULL),
(66, '365', 'CALIFORNIA U.S.A.', NULL),
(67, '789', 'SORSOGON', NULL),
(68, '364', 'COTABATO', NULL),
(69, '67', 'N/A', NULL),
(70, '301', 'OCCIDENTAL MINDORO', NULL),
(71, '666', 'DAVAO CITY', NULL),
(72, '122', 'BICOL', NULL),
(73, '497', 'MISAMIS OCCIDENTAL', NULL),
(74, '410', 'K.S.A.', NULL),
(75, '125', 'ILOILO', NULL);

-- --------------------------------------------------------

--
-- Table structure for table `records`
--

CREATE TABLE `records` (
  `id` int(11) NOT NULL,
  `patient_id` int(11) DEFAULT NULL,
  `date` date DEFAULT NULL,
  `opd_no` varchar(50) DEFAULT NULL,
  `ipd_no` varchar(50) DEFAULT NULL,
  `department` varchar(50) DEFAULT NULL,
  `physician` int(11) DEFAULT NULL,
  `room_type_id` int(11) DEFAULT NULL,
  `room_no` varchar(50) DEFAULT NULL,
  `bed_no` varchar(50) DEFAULT NULL,
  `temperature` varchar(50) DEFAULT NULL,
  `height` varchar(50) DEFAULT NULL,
  `weight` varchar(50) DEFAULT NULL,
  `blood_pressure` varchar(50) DEFAULT NULL,
  `admission_date` date DEFAULT NULL,
  `discharge_date` date DEFAULT NULL
) ENGINE=InnoDB DEFAULT CHARSET=latin1;

--
-- Dumping data for table `records`
--

INSERT INTO `records` (`id`, `patient_id`, `date`, `opd_no`, `ipd_no`, `department`, `physician`, `room_type_id`, `room_no`, `bed_no`, `temperature`, `height`, `weight`, `blood_pressure`, `admission_date`, `discharge_date`) VALUES
(1, 1, '2018-04-17', '12', NULL, 'Out-Patient', 4, 1, NULL, NULL, '1', '1', '1', '1', NULL, NULL),
(2, 1, '2018-04-17', NULL, '1', 'In-Patient', 2, 1, '1', '2', '1', '3', '4', '2', '2017-12-30', '2017-12-13'),
(3, 1, '2018-04-25', '11', NULL, 'Out-Patient', 2, 1, NULL, NULL, '43534', '88', '657', '45745', NULL, NULL),
(4, 3, '2018-04-25', '101', NULL, 'Out-Patient', 5, 1, NULL, NULL, '34', '234', '244', '234', NULL, NULL),
(5, 3, '2018-04-25', NULL, '101', 'In-Patient', 5, 1, '101', '1', '314', '536', '346', '346', '2018-04-25', NULL),
(6, 3, '2018-04-25', '102', NULL, 'Out-Patient', 2, 1, NULL, NULL, '53', '236', '325', '253', NULL, NULL),
(7, 3, '2018-04-25', NULL, '102', 'In-Patient', 5, 1, '23', '41', '234', '52', '25', '235', '2018-04-25', NULL),
(8, 3, '2018-04-25', '103', NULL, 'Out-Patient', 2, 1, NULL, NULL, '342', '34', '54', '43', NULL, NULL),
(9, 3, '2018-04-25', NULL, '103', 'In-Patient', 2, 1, '247', '346', '234', '37', '4236', '364', '2018-04-25', NULL);

-- --------------------------------------------------------

--
-- Table structure for table `rooms`
--

CREATE TABLE `rooms` (
  `id` int(11) NOT NULL,
  `room_type` varchar(250) DEFAULT NULL
) ENGINE=InnoDB DEFAULT CHARSET=latin1;

--
-- Dumping data for table `rooms`
--

INSERT INTO `rooms` (`id`, `room_type`) VALUES
(1, 'Private'),
(2, 'OB'),
(3, 'Pedia'),
(4, 'Isolation'),
(5, 'Intermediate Care'),
(6, 'Male'),
(7, 'Female');

-- --------------------------------------------------------

--
-- Table structure for table `room_nos`
--

CREATE TABLE `room_nos` (
  `id` int(11) NOT NULL,
  `room_no_id` int(11) DEFAULT NULL,
  `room_number` varchar(20) DEFAULT NULL
) ENGINE=InnoDB DEFAULT CHARSET=latin1;

--
-- Dumping data for table `room_nos`
--

INSERT INTO `room_nos` (`id`, `room_no_id`, `room_number`) VALUES
(1, 1, '1'),
(2, 1, '2'),
(3, 2, '54');

-- --------------------------------------------------------

--
-- Table structure for table `users`
--

CREATE TABLE `users` (
  `id` int(11) NOT NULL,
  `first_name` varchar(100) DEFAULT NULL,
  `middle_name` varchar(100) DEFAULT NULL,
  `last_name` varchar(100) DEFAULT NULL,
  `gender` varchar(6) DEFAULT NULL,
  `date_of_birth` date DEFAULT NULL,
  `age` int(5) DEFAULT NULL,
  `birth_place` varchar(200) DEFAULT NULL,
  `province` int(11) DEFAULT NULL,
  `city` int(11) DEFAULT NULL,
  `barangay` int(11) DEFAULT NULL,
  `education` varchar(500) DEFAULT NULL,
  `mobile_number` varchar(20) DEFAULT NULL,
  `civil_status` varchar(100) DEFAULT NULL,
  `nationality` varchar(100) DEFAULT NULL,
  `religion` varchar(100) DEFAULT NULL,
  `username` varchar(100) DEFAULT NULL,
  `password` varchar(100) DEFAULT NULL,
  `confirm_password` varchar(250) DEFAULT NULL,
  `designation` varchar(100) DEFAULT NULL,
  `specialization` varchar(100) DEFAULT NULL,
  `groups` int(11) DEFAULT NULL
) ENGINE=InnoDB DEFAULT CHARSET=latin1;

--
-- Dumping data for table `users`
--

INSERT INTO `users` (`id`, `first_name`, `middle_name`, `last_name`, `gender`, `date_of_birth`, `age`, `birth_place`, `province`, `city`, `barangay`, `education`, `mobile_number`, `civil_status`, `nationality`, `religion`, `username`, `password`, `confirm_password`, `designation`, `specialization`, `groups`) VALUES
(1, 'Zyfer', 'Obra', 'Navalta', 'Male', '2018-04-17', 12, 'asd', NULL, NULL, NULL, NULL, NULL, NULL, NULL, NULL, 'aqui', 'aqui', 'aqui', 'admin', NULL, 1),
(2, 'Jor', 'Jd', 'asd', 'Male', '1992-04-04', 26, NULL, 1, 3, 196, NULL, '098-898-89889', NULL, NULL, NULL, 'user', 'user', 'user', NULL, 'asd', 2),
(3, 'Junie', 'Boy', 'Rodris', 'Male', '1997-06-01', 20, 'd', 1, 5, 510, 's', '097-879-98778', 'Single', 's', 's', 'staff', 'staff', 'staff', NULL, 'Sample', 3),
(5, 'as', 'das', 'dasd', 'Male', '2018-04-17', 0, NULL, 1, 3, 196, NULL, '09898989898', NULL, NULL, NULL, 'qwe', 'qwe', 'qwe', NULL, 'asdasd', 2),
(6, 'asda', 'sd', 'asd', 'Male', '2000-12-31', 17, 'asd', 1, 3, 196, 'asd', '12312312333', 'Single', 'asd', 'asd', 'asd', 'asd', 'asd', NULL, 'asdasd', 3);

--
-- Indexes for dumped tables
--

--
-- Indexes for table `barangays`
--
ALTER TABLE `barangays`
  ADD PRIMARY KEY (`barangay_id`);

--
-- Indexes for table `beds`
--
ALTER TABLE `beds`
  ADD PRIMARY KEY (`id`),
  ADD KEY `room_no_id` (`room_no_id`);

--
-- Indexes for table `diagnosis`
--
ALTER TABLE `diagnosis`
  ADD PRIMARY KEY (`id`),
  ADD KEY `record_id` (`record_id`);

--
-- Indexes for table `follow_ups`
--
ALTER TABLE `follow_ups`
  ADD PRIMARY KEY (`id`),
  ADD KEY `record_id` (`record_id`);

--
-- Indexes for table `groups`
--
ALTER TABLE `groups`
  ADD PRIMARY KEY (`group_id`);

--
-- Indexes for table `laboratories`
--
ALTER TABLE `laboratories`
  ADD PRIMARY KEY (`id`),
  ADD KEY `record_id` (`record_id`);

--
-- Indexes for table `municipalities`
--
ALTER TABLE `municipalities`
  ADD PRIMARY KEY (`municipality_id`);

--
-- Indexes for table `other_history`
--
ALTER TABLE `other_history`
  ADD PRIMARY KEY (`id`),
  ADD KEY `record_id` (`record_id`);

--
-- Indexes for table `patients`
--
ALTER TABLE `patients`
  ADD PRIMARY KEY (`id`);

--
-- Indexes for table `prescriptions`
--
ALTER TABLE `prescriptions`
  ADD PRIMARY KEY (`id`),
  ADD KEY `record_id` (`record_id`);

--
-- Indexes for table `provinces`
--
ALTER TABLE `provinces`
  ADD PRIMARY KEY (`province_id`);

--
-- Indexes for table `records`
--
ALTER TABLE `records`
  ADD PRIMARY KEY (`id`),
  ADD KEY `patient_id` (`patient_id`),
  ADD KEY `physician` (`physician`);

--
-- Indexes for table `rooms`
--
ALTER TABLE `rooms`
  ADD PRIMARY KEY (`id`);

--
-- Indexes for table `room_nos`
--
ALTER TABLE `room_nos`
  ADD PRIMARY KEY (`id`),
  ADD KEY `room_no_id` (`room_no_id`);

--
-- Indexes for table `users`
--
ALTER TABLE `users`
  ADD PRIMARY KEY (`id`);

--
-- AUTO_INCREMENT for dumped tables
--

--
-- AUTO_INCREMENT for table `barangays`
--
ALTER TABLE `barangays`
  MODIFY `barangay_id` int(10) NOT NULL AUTO_INCREMENT, AUTO_INCREMENT=587;
--
-- AUTO_INCREMENT for table `beds`
--
ALTER TABLE `beds`
  MODIFY `id` int(11) NOT NULL AUTO_INCREMENT, AUTO_INCREMENT=7;
--
-- AUTO_INCREMENT for table `diagnosis`
--
ALTER TABLE `diagnosis`
  MODIFY `id` int(11) NOT NULL AUTO_INCREMENT, AUTO_INCREMENT=16;
--
-- AUTO_INCREMENT for table `follow_ups`
--
ALTER TABLE `follow_ups`
  MODIFY `id` int(11) NOT NULL AUTO_INCREMENT, AUTO_INCREMENT=10;
--
-- AUTO_INCREMENT for table `groups`
--
ALTER TABLE `groups`
  MODIFY `group_id` int(11) NOT NULL AUTO_INCREMENT, AUTO_INCREMENT=4;
--
-- AUTO_INCREMENT for table `laboratories`
--
ALTER TABLE `laboratories`
  MODIFY `id` int(11) NOT NULL AUTO_INCREMENT, AUTO_INCREMENT=17;
--
-- AUTO_INCREMENT for table `municipalities`
--
ALTER TABLE `municipalities`
  MODIFY `municipality_id` int(10) NOT NULL AUTO_INCREMENT, AUTO_INCREMENT=871;
--
-- AUTO_INCREMENT for table `other_history`
--
ALTER TABLE `other_history`
  MODIFY `id` int(11) NOT NULL AUTO_INCREMENT, AUTO_INCREMENT=10;
--
-- AUTO_INCREMENT for table `patients`
--
ALTER TABLE `patients`
  MODIFY `id` int(11) NOT NULL AUTO_INCREMENT, AUTO_INCREMENT=4;
--
-- AUTO_INCREMENT for table `prescriptions`
--
ALTER TABLE `prescriptions`
  MODIFY `id` int(11) NOT NULL AUTO_INCREMENT, AUTO_INCREMENT=18;
--
-- AUTO_INCREMENT for table `provinces`
--
ALTER TABLE `provinces`
  MODIFY `province_id` int(10) NOT NULL AUTO_INCREMENT, AUTO_INCREMENT=76;
--
-- AUTO_INCREMENT for table `records`
--
ALTER TABLE `records`
  MODIFY `id` int(11) NOT NULL AUTO_INCREMENT, AUTO_INCREMENT=10;
--
-- AUTO_INCREMENT for table `rooms`
--
ALTER TABLE `rooms`
  MODIFY `id` int(11) NOT NULL AUTO_INCREMENT, AUTO_INCREMENT=8;
--
-- AUTO_INCREMENT for table `room_nos`
--
ALTER TABLE `room_nos`
  MODIFY `id` int(11) NOT NULL AUTO_INCREMENT, AUTO_INCREMENT=4;
--
-- AUTO_INCREMENT for table `users`
--
ALTER TABLE `users`
  MODIFY `id` int(11) NOT NULL AUTO_INCREMENT, AUTO_INCREMENT=7;
--
-- Constraints for dumped tables
--

--
-- Constraints for table `beds`
--
ALTER TABLE `beds`
  ADD CONSTRAINT `beds_ibfk_1` FOREIGN KEY (`room_no_id`) REFERENCES `rooms` (`id`) ON DELETE CASCADE ON UPDATE NO ACTION;

--
-- Constraints for table `diagnosis`
--
ALTER TABLE `diagnosis`
  ADD CONSTRAINT `diagnosis_ibfk_1` FOREIGN KEY (`record_id`) REFERENCES `records` (`id`) ON DELETE CASCADE ON UPDATE NO ACTION;

--
-- Constraints for table `follow_ups`
--
ALTER TABLE `follow_ups`
  ADD CONSTRAINT `follow_ups_ibfk_1` FOREIGN KEY (`record_id`) REFERENCES `records` (`id`) ON DELETE CASCADE ON UPDATE NO ACTION;

--
-- Constraints for table `laboratories`
--
ALTER TABLE `laboratories`
  ADD CONSTRAINT `laboratories_ibfk_1` FOREIGN KEY (`record_id`) REFERENCES `records` (`id`) ON DELETE CASCADE ON UPDATE NO ACTION;

--
-- Constraints for table `other_history`
--
ALTER TABLE `other_history`
  ADD CONSTRAINT `other_history_ibfk_1` FOREIGN KEY (`record_id`) REFERENCES `records` (`id`) ON DELETE CASCADE ON UPDATE NO ACTION;

--
-- Constraints for table `prescriptions`
--
ALTER TABLE `prescriptions`
  ADD CONSTRAINT `prescriptions_ibfk_1` FOREIGN KEY (`record_id`) REFERENCES `records` (`id`) ON DELETE CASCADE ON UPDATE NO ACTION;

--
-- Constraints for table `records`
--
ALTER TABLE `records`
  ADD CONSTRAINT `records_ibfk_1` FOREIGN KEY (`patient_id`) REFERENCES `patients` (`id`) ON DELETE CASCADE ON UPDATE NO ACTION;

--
-- Constraints for table `room_nos`
--
ALTER TABLE `room_nos`
  ADD CONSTRAINT `room_nos_ibfk_1` FOREIGN KEY (`room_no_id`) REFERENCES `rooms` (`id`) ON DELETE CASCADE ON UPDATE NO ACTION;

/*!40101 SET CHARACTER_SET_CLIENT=@OLD_CHARACTER_SET_CLIENT */;
/*!40101 SET CHARACTER_SET_RESULTS=@OLD_CHARACTER_SET_RESULTS */;
/*!40101 SET COLLATION_CONNECTION=@OLD_COLLATION_CONNECTION */;
