-- phpMyAdmin SQL Dump
-- version 4.5.4.1
-- http://www.phpmyadmin.net
--
-- Host: localhost
-- Generation Time: Mar 20, 2018 at 04:31 PM
-- Server version: 5.7.11
-- PHP Version: 7.0.3

SET SQL_MODE = "NO_AUTO_VALUE_ON_ZERO";
SET time_zone = "+00:00";


/*!40101 SET @OLD_CHARACTER_SET_CLIENT=@@CHARACTER_SET_CLIENT */;
/*!40101 SET @OLD_CHARACTER_SET_RESULTS=@@CHARACTER_SET_RESULTS */;
/*!40101 SET @OLD_COLLATION_CONNECTION=@@COLLATION_CONNECTION */;
/*!40101 SET NAMES utf8mb4 */;

--
-- Database: `mrs`
--

-- --------------------------------------------------------

--
-- Table structure for table `diagnosis`
--

CREATE TABLE `diagnosis` (
  `id` int(11) NOT NULL,
  `record_id` int(11) DEFAULT NULL,
  `complaint` longtext,
  `diagnosis` longtext
) ENGINE=InnoDB DEFAULT CHARSET=latin1;

--
-- Dumping data for table `diagnosis`
--

INSERT INTO `diagnosis` (`id`, `record_id`, `complaint`, `diagnosis`) VALUES
(1, 1, 'headache', 'brain tumor'),
(2, 2, NULL, NULL),
(3, 3, 'stomachache', 'kidney');

-- --------------------------------------------------------

--
-- Table structure for table `follow_ups`
--

CREATE TABLE `follow_ups` (
  `id` int(11) NOT NULL,
  `record_id` int(11) DEFAULT NULL,
  `date` date DEFAULT NULL,
  `remarks` varchar(10000) DEFAULT NULL
) ENGINE=InnoDB DEFAULT CHARSET=latin1;

--
-- Dumping data for table `follow_ups`
--

INSERT INTO `follow_ups` (`id`, `record_id`, `date`, `remarks`) VALUES
(1, 1, '2018-04-23', 'dapat buong loob'),
(2, 2, '1970-01-01', NULL),
(3, 3, '1970-01-01', NULL);

-- --------------------------------------------------------

--
-- Table structure for table `groups`
--

CREATE TABLE `groups` (
  `group_id` int(11) NOT NULL,
  `group_name` varchar(255) DEFAULT NULL,
  `group_description` varchar(255) DEFAULT NULL,
  `privileges` longtext
) ENGINE=InnoDB DEFAULT CHARSET=latin1;

--
-- Dumping data for table `groups`
--

INSERT INTO `groups` (`group_id`, `group_name`, `group_description`, `privileges`) VALUES
(1, 'Admin', 'Administrator', '225B7B5C2269645C223A312C5C226465736372697074696F6E5C223A5C2244617368626F6172645C222C5C2270726976696C656765735C223A5B7B5C2269645C223A312C5C226465736372697074696F6E5C223A5C2253686F772044617368626F6172645C222C5C2276616C75655C223A747275657D5D7D2C7B5C2269645C223A322C5C226465736372697074696F6E5C223A5C224163636F756E74735C222C5C2270726976696C656765735C223A5B7B5C2269645C223A312C5C226465736372697074696F6E5C223A5C2253686F772055736572204C6973745C222C5C2276616C75655C223A747275657D2C7B5C2269645C223A322C5C226465736372697074696F6E5C223A5C2241646420557365725C222C5C2276616C75655C223A747275657D2C7B5C2269645C223A332C5C226465736372697074696F6E5C223A5C224564697420557365725C222C5C2276616C75655C223A747275657D2C7B5C2269645C223A342C5C226465736372697074696F6E5C223A5C2244656C65746520557365725C222C5C2276616C75655C223A747275657D5D7D2C7B5C2269645C223A332C5C226465736372697074696F6E5C223A5C22446F63746F72735C222C5C2270726976696C656765735C223A5B7B5C2269645C223A312C5C226465736372697074696F6E5C223A5C2253686F7720446F63746F72735C222C5C2276616C75655C223A66616C73657D2C7B5C2269645C223A322C5C226465736372697074696F6E5C223A5C2241646420446F63746F725C222C5C2276616C75655C223A66616C73657D2C7B5C2269645C223A332C5C226465736372697074696F6E5C223A5C224564697420446F63746F725C222C5C2276616C75655C223A66616C73657D2C7B5C2269645C223A342C5C226465736372697074696F6E5C223A5C2244656C65746520446F63746F725C222C5C2276616C75655C223A66616C73657D5D7D2C7B5C2269645C223A342C5C226465736372697074696F6E5C223A5C225374616666735C222C5C2270726976696C656765735C223A5B7B5C2269645C223A312C5C226465736372697074696F6E5C223A5C2253686F77205374616666735C222C5C2276616C75655C223A66616C73657D2C7B5C2269645C223A322C5C226465736372697074696F6E5C223A5C224164642053746166665C222C5C2276616C75655C223A66616C73657D2C7B5C2269645C223A332C5C226465736372697074696F6E5C223A5C22456469742053746166665C222C5C2276616C75655C223A66616C73657D2C7B5C2269645C223A342C5C226465736372697074696F6E5C223A5C2244656C6574652053746166665C222C5C2276616C75655C223A66616C73657D5D7D2C7B5C2269645C223A352C5C226465736372697074696F6E5C223A5C224D65646963616C205265636F7264735C222C5C2270726976696C656765735C223A5B7B5C2269645C223A312C5C226465736372697074696F6E5C223A5C2253686F772050617469656E74735C222C5C2276616C75655C223A66616C73657D2C7B5C2269645C223A322C5C226465736372697074696F6E5C223A5C224164642053746166665C222C5C2276616C75655C223A66616C73657D2C7B5C2269645C223A332C5C226465736372697074696F6E5C223A5C22456469742053746166665C222C5C2276616C75655C223A66616C73657D2C7B5C2269645C223A342C5C226465736372697074696F6E5C223A5C2244656C6574652053746166665C222C5C2276616C75655C223A66616C73657D5D7D2C7B5C2269645C223A362C5C226465736372697074696F6E5C223A5C225265706F7274735C222C5C2270726976696C656765735C223A5B7B5C2269645C223A312C5C226465736372697074696F6E5C223A5C2253686F77205265706F7274735C222C5C2276616C75655C223A66616C73657D5D7D2C7B5C2269645C223A372C5C226465736372697074696F6E5C223A5C224D61696E74656E616E63655C222C5C2270726976696C656765735C223A5B7B5C2269645C223A312C5C226465736372697074696F6E5C223A5C2253686F77204D61696E74656E616E63655C222C5C2276616C75655C223A66616C73657D5D7D2C7B5C2269645C223A382C5C226465736372697074696F6E5C223A5C2248656C705C222C5C2270726976696C656765735C223A5B7B5C2269645C223A312C5C226465736372697074696F6E5C223A5C2253686F772048656C705C222C5C2276616C75655C223A66616C73657D5D7D5D22'),
(2, 'User', 'User', '225B7B5C2269645C223A312C5C226465736372697074696F6E5C223A5C2244617368626F6172645C222C5C2270726976696C656765735C223A5B7B5C2269645C223A312C5C226465736372697074696F6E5C223A5C2253686F772044617368626F6172645C222C5C2276616C75655C223A747275657D5D7D2C7B5C2269645C223A322C5C226465736372697074696F6E5C223A5C224163636F756E74735C222C5C2270726976696C656765735C223A5B7B5C2269645C223A312C5C226465736372697074696F6E5C223A5C2253686F772055736572204C6973745C222C5C2276616C75655C223A747275657D2C7B5C2269645C223A322C5C226465736372697074696F6E5C223A5C2241646420557365725C222C5C2276616C75655C223A747275657D2C7B5C2269645C223A332C5C226465736372697074696F6E5C223A5C224564697420557365725C222C5C2276616C75655C223A747275657D2C7B5C2269645C223A342C5C226465736372697074696F6E5C223A5C2244656C65746520557365725C222C5C2276616C75655C223A747275657D5D7D2C7B5C2269645C223A332C5C226465736372697074696F6E5C223A5C22446F63746F72735C222C5C2270726976696C656765735C223A5B7B5C2269645C223A312C5C226465736372697074696F6E5C223A5C2253686F7720446F63746F72735C222C5C2276616C75655C223A747275657D2C7B5C2269645C223A322C5C226465736372697074696F6E5C223A5C2241646420446F63746F725C222C5C2276616C75655C223A747275657D2C7B5C2269645C223A332C5C226465736372697074696F6E5C223A5C224564697420446F63746F725C222C5C2276616C75655C223A747275657D2C7B5C2269645C223A342C5C226465736372697074696F6E5C223A5C2244656C65746520446F63746F725C222C5C2276616C75655C223A747275657D5D7D2C7B5C2269645C223A342C5C226465736372697074696F6E5C223A5C225374616666735C222C5C2270726976696C656765735C223A5B7B5C2269645C223A312C5C226465736372697074696F6E5C223A5C2253686F77205374616666735C222C5C2276616C75655C223A747275657D2C7B5C2269645C223A322C5C226465736372697074696F6E5C223A5C224164642053746166665C222C5C2276616C75655C223A747275657D2C7B5C2269645C223A332C5C226465736372697074696F6E5C223A5C22456469742053746166665C222C5C2276616C75655C223A747275657D2C7B5C2269645C223A342C5C226465736372697074696F6E5C223A5C2244656C6574652053746166665C222C5C2276616C75655C223A747275657D5D7D2C7B5C2269645C223A352C5C226465736372697074696F6E5C223A5C224D65646963616C205265636F7264735C222C5C2270726976696C656765735C223A5B7B5C2269645C223A312C5C226465736372697074696F6E5C223A5C2253686F772050617469656E74735C222C5C2276616C75655C223A747275657D2C7B5C2269645C223A322C5C226465736372697074696F6E5C223A5C224164642053746166665C222C5C2276616C75655C223A747275657D2C7B5C2269645C223A332C5C226465736372697074696F6E5C223A5C22456469742053746166665C222C5C2276616C75655C223A747275657D2C7B5C2269645C223A342C5C226465736372697074696F6E5C223A5C2244656C6574652053746166665C222C5C2276616C75655C223A747275657D5D7D2C7B5C2269645C223A362C5C226465736372697074696F6E5C223A5C225265706F7274735C222C5C2270726976696C656765735C223A5B7B5C2269645C223A312C5C226465736372697074696F6E5C223A5C2253686F77205265706F7274735C222C5C2276616C75655C223A747275657D5D7D2C7B5C2269645C223A372C5C226465736372697074696F6E5C223A5C224D61696E74656E616E63655C222C5C2270726976696C656765735C223A5B7B5C2269645C223A312C5C226465736372697074696F6E5C223A5C2253686F77204D61696E74656E616E63655C222C5C2276616C75655C223A66616C73657D5D7D2C7B5C2269645C223A382C5C226465736372697074696F6E5C223A5C2248656C705C222C5C2270726976696C656765735C223A5B7B5C2269645C223A312C5C226465736372697074696F6E5C223A5C2253686F772048656C705C222C5C2276616C75655C223A747275657D5D7D5D22'),
(3, 'Staff', 'Staff', '225B7B5C2269645C223A312C5C226465736372697074696F6E5C223A5C2244617368626F6172645C222C5C2270726976696C656765735C223A5B7B5C2269645C223A312C5C226465736372697074696F6E5C223A5C2253686F772044617368626F6172645C222C5C2276616C75655C223A747275657D5D7D2C7B5C2269645C223A322C5C226465736372697074696F6E5C223A5C224163636F756E74735C222C5C2270726976696C656765735C223A5B7B5C2269645C223A312C5C226465736372697074696F6E5C223A5C2253686F772055736572204C6973745C222C5C2276616C75655C223A66616C73657D2C7B5C2269645C223A322C5C226465736372697074696F6E5C223A5C2241646420557365725C222C5C2276616C75655C223A66616C73657D2C7B5C2269645C223A332C5C226465736372697074696F6E5C223A5C224564697420557365725C222C5C2276616C75655C223A66616C73657D2C7B5C2269645C223A342C5C226465736372697074696F6E5C223A5C2244656C65746520557365725C222C5C2276616C75655C223A66616C73657D5D7D2C7B5C2269645C223A332C5C226465736372697074696F6E5C223A5C22446F63746F72735C222C5C2270726976696C656765735C223A5B7B5C2269645C223A312C5C226465736372697074696F6E5C223A5C2253686F7720446F63746F72735C222C5C2276616C75655C223A66616C73657D2C7B5C2269645C223A322C5C226465736372697074696F6E5C223A5C2241646420446F63746F725C222C5C2276616C75655C223A66616C73657D2C7B5C2269645C223A332C5C226465736372697074696F6E5C223A5C224564697420446F63746F725C222C5C2276616C75655C223A66616C73657D2C7B5C2269645C223A342C5C226465736372697074696F6E5C223A5C2244656C65746520446F63746F725C222C5C2276616C75655C223A66616C73657D5D7D2C7B5C2269645C223A342C5C226465736372697074696F6E5C223A5C225374616666735C222C5C2270726976696C656765735C223A5B7B5C2269645C223A312C5C226465736372697074696F6E5C223A5C2253686F77205374616666735C222C5C2276616C75655C223A66616C73657D2C7B5C2269645C223A322C5C226465736372697074696F6E5C223A5C224164642053746166665C222C5C2276616C75655C223A66616C73657D2C7B5C2269645C223A332C5C226465736372697074696F6E5C223A5C22456469742053746166665C222C5C2276616C75655C223A66616C73657D2C7B5C2269645C223A342C5C226465736372697074696F6E5C223A5C2244656C6574652053746166665C222C5C2276616C75655C223A66616C73657D5D7D2C7B5C2269645C223A352C5C226465736372697074696F6E5C223A5C224D65646963616C205265636F7264735C222C5C2270726976696C656765735C223A5B7B5C2269645C223A312C5C226465736372697074696F6E5C223A5C2253686F772050617469656E74735C222C5C2276616C75655C223A66616C73657D2C7B5C2269645C223A322C5C226465736372697074696F6E5C223A5C224164642053746166665C222C5C2276616C75655C223A66616C73657D2C7B5C2269645C223A332C5C226465736372697074696F6E5C223A5C22456469742053746166665C222C5C2276616C75655C223A66616C73657D2C7B5C2269645C223A342C5C226465736372697074696F6E5C223A5C2244656C6574652053746166665C222C5C2276616C75655C223A66616C73657D5D7D2C7B5C2269645C223A362C5C226465736372697074696F6E5C223A5C225265706F7274735C222C5C2270726976696C656765735C223A5B7B5C2269645C223A312C5C226465736372697074696F6E5C223A5C2253686F77205265706F7274735C222C5C2276616C75655C223A66616C73657D5D7D2C7B5C2269645C223A372C5C226465736372697074696F6E5C223A5C224D61696E74656E616E63655C222C5C2270726976696C656765735C223A5B7B5C2269645C223A312C5C226465736372697074696F6E5C223A5C2253686F77204D61696E74656E616E63655C222C5C2276616C75655C223A66616C73657D5D7D2C7B5C2269645C223A382C5C226465736372697074696F6E5C223A5C2248656C705C222C5C2270726976696C656765735C223A5B7B5C2269645C223A312C5C226465736372697074696F6E5C223A5C2253686F772048656C705C222C5C2276616C75655C223A66616C73657D5D7D5D22'),
(4, 'Doctor', 'Doctor', '225B7B5C2269645C223A312C5C226465736372697074696F6E5C223A5C2244617368626F6172645C222C5C2270726976696C656765735C223A5B7B5C2269645C223A312C5C226465736372697074696F6E5C223A5C2253686F772044617368626F6172645C222C5C2276616C75655C223A747275657D5D7D2C7B5C2269645C223A322C5C226465736372697074696F6E5C223A5C224163636F756E74735C222C5C2270726976696C656765735C223A5B7B5C2269645C223A312C5C226465736372697074696F6E5C223A5C2253686F772055736572204C6973745C222C5C2276616C75655C223A66616C73657D2C7B5C2269645C223A322C5C226465736372697074696F6E5C223A5C2241646420557365725C222C5C2276616C75655C223A66616C73657D2C7B5C2269645C223A332C5C226465736372697074696F6E5C223A5C224564697420557365725C222C5C2276616C75655C223A66616C73657D2C7B5C2269645C223A342C5C226465736372697074696F6E5C223A5C2244656C65746520557365725C222C5C2276616C75655C223A66616C73657D5D7D2C7B5C2269645C223A332C5C226465736372697074696F6E5C223A5C22446F63746F72735C222C5C2270726976696C656765735C223A5B7B5C2269645C223A312C5C226465736372697074696F6E5C223A5C2253686F7720446F63746F72735C222C5C2276616C75655C223A66616C73657D2C7B5C2269645C223A322C5C226465736372697074696F6E5C223A5C2241646420446F63746F725C222C5C2276616C75655C223A66616C73657D2C7B5C2269645C223A332C5C226465736372697074696F6E5C223A5C224564697420446F63746F725C222C5C2276616C75655C223A66616C73657D2C7B5C2269645C223A342C5C226465736372697074696F6E5C223A5C2244656C65746520446F63746F725C222C5C2276616C75655C223A66616C73657D5D7D2C7B5C2269645C223A342C5C226465736372697074696F6E5C223A5C225374616666735C222C5C2270726976696C656765735C223A5B7B5C2269645C223A312C5C226465736372697074696F6E5C223A5C2253686F77205374616666735C222C5C2276616C75655C223A66616C73657D2C7B5C2269645C223A322C5C226465736372697074696F6E5C223A5C224164642053746166665C222C5C2276616C75655C223A66616C73657D2C7B5C2269645C223A332C5C226465736372697074696F6E5C223A5C22456469742053746166665C222C5C2276616C75655C223A66616C73657D2C7B5C2269645C223A342C5C226465736372697074696F6E5C223A5C2244656C6574652053746166665C222C5C2276616C75655C223A66616C73657D5D7D2C7B5C2269645C223A352C5C226465736372697074696F6E5C223A5C224D65646963616C205265636F7264735C222C5C2270726976696C656765735C223A5B7B5C2269645C223A312C5C226465736372697074696F6E5C223A5C2253686F772050617469656E74735C222C5C2276616C75655C223A66616C73657D2C7B5C2269645C223A322C5C226465736372697074696F6E5C223A5C224164642053746166665C222C5C2276616C75655C223A66616C73657D2C7B5C2269645C223A332C5C226465736372697074696F6E5C223A5C22456469742053746166665C222C5C2276616C75655C223A66616C73657D2C7B5C2269645C223A342C5C226465736372697074696F6E5C223A5C2244656C6574652053746166665C222C5C2276616C75655C223A66616C73657D5D7D2C7B5C2269645C223A362C5C226465736372697074696F6E5C223A5C225265706F7274735C222C5C2270726976696C656765735C223A5B7B5C2269645C223A312C5C226465736372697074696F6E5C223A5C2253686F77205265706F7274735C222C5C2276616C75655C223A66616C73657D5D7D2C7B5C2269645C223A372C5C226465736372697074696F6E5C223A5C224D61696E74656E616E63655C222C5C2270726976696C656765735C223A5B7B5C2269645C223A312C5C226465736372697074696F6E5C223A5C2253686F77204D61696E74656E616E63655C222C5C2276616C75655C223A66616C73657D5D7D2C7B5C2269645C223A382C5C226465736372697074696F6E5C223A5C2248656C705C222C5C2270726976696C656765735C223A5B7B5C2269645C223A312C5C226465736372697074696F6E5C223A5C2253686F772048656C705C222C5C2276616C75655C223A66616C73657D5D7D5D22');

-- --------------------------------------------------------

--
-- Table structure for table `other_history`
--

CREATE TABLE `other_history` (
  `id` int(11) NOT NULL,
  `record_id` int(11) DEFAULT NULL,
  `hospital_name` varchar(500) DEFAULT NULL,
  `complaint` longtext,
  `diagnosis` longtext
) ENGINE=InnoDB DEFAULT CHARSET=latin1;

--
-- Dumping data for table `other_history`
--

INSERT INTO `other_history` (`id`, `record_id`, `hospital_name`, `complaint`, `diagnosis`) VALUES
(1, 1, 'Cicosat Hospital', 'headache', 'brain tumor'),
(2, 2, 'Lorma', 'stomachache', 'Kidney'),
(3, 3, 'Bethany', 'stomachache', 'Kidney');

-- --------------------------------------------------------

--
-- Table structure for table `patients`
--

CREATE TABLE `patients` (
  `id` int(11) NOT NULL,
  `hospital_no` varchar(50) DEFAULT NULL,
  `first_name` varchar(100) DEFAULT NULL,
  `middle_name` varchar(100) DEFAULT NULL,
  `last_name` varchar(100) DEFAULT NULL,
  `date_of_birth` date DEFAULT NULL,
  `age` int(11) DEFAULT NULL,
  `birth_place` varchar(100) DEFAULT NULL,
  `gender` varchar(100) DEFAULT NULL,
  `mobile_number` varchar(100) DEFAULT NULL,
  `civil_status` varchar(100) DEFAULT NULL,
  `address` varchar(500) DEFAULT NULL,
  `nationality` varchar(100) DEFAULT NULL,
  `religion` varchar(100) DEFAULT NULL,
  `occupation` varchar(100) DEFAULT NULL
) ENGINE=InnoDB DEFAULT CHARSET=latin1;

--
-- Dumping data for table `patients`
--

INSERT INTO `patients` (`id`, `hospital_no`, `first_name`, `middle_name`, `last_name`, `date_of_birth`, `age`, `birth_place`, `gender`, `mobile_number`, `civil_status`, `address`, `nationality`, `religion`, `occupation`) VALUES
(1, '00001', 'Reanjan', 'Ragudo', 'Obra', '1995-07-06', 22, 'Luna, La Union', 'Male', '09231576884', 'Single', 'Carisquis, Luna, La Union', 'Filipino', 'Roman Catholic', 'Welder'),
(2, '00002', 'Rose Anne', 'Aquino', 'Balbuena', '1993-03-24', 24, 'Pura Tarlac', 'Female', '09773735195', 'Married', 'Sudipen, La Union', 'Filipino', 'Roman Catholic', 'Doctor'),
(3, '00003', 'emmer', 'Orfia', 'Nanales', '1980-01-01', 38, 'Lorma', 'Male', NULL, 'Married', 'Lingsat,City of San Fernando', 'Filipino', 'Roman Catholic', 'Househusband'),
(4, '00004', 'Mila', 'Garcia', 'Estrada', '1960-01-12', 58, 'Balaoan La Union', 'Female', '09456782345', 'Married', 'Balaoan', 'Filipino', 'Roman Catholic', NULL),
(5, '00005', 'James', 'Pascual', 'Mendoza', '1989-03-15', 29, 'Bacnotan', 'Male', '09452345879', 'Single', 'Bacnotan', 'Filipino', 'Roman Catholic', 'Farmer');

-- --------------------------------------------------------

--
-- Table structure for table `prescriptions`
--

CREATE TABLE `prescriptions` (
  `id` int(11) NOT NULL,
  `record_id` int(11) DEFAULT NULL,
  `medicine` varchar(10000) DEFAULT NULL,
  `quantity` int(11) DEFAULT NULL,
  `dosage` varchar(100) DEFAULT NULL
) ENGINE=InnoDB DEFAULT CHARSET=latin1;

--
-- Dumping data for table `prescriptions`
--

INSERT INTO `prescriptions` (`id`, `record_id`, `medicine`, `quantity`, `dosage`) VALUES
(1, 1, '', 0, ''),
(2, 3, '', 0, '');

-- --------------------------------------------------------

--
-- Table structure for table `records`
--

CREATE TABLE `records` (
  `id` int(11) NOT NULL,
  `patient_id` int(11) DEFAULT NULL,
  `date` date DEFAULT NULL,
  `opd_no` varchar(50) DEFAULT NULL,
  `department` varchar(50) DEFAULT NULL,
  `physician` int(11) DEFAULT NULL,
  `temperature` varchar(50) DEFAULT NULL,
  `height` varchar(50) DEFAULT NULL,
  `weight` varchar(50) DEFAULT NULL,
  `blood_pressure` varchar(50) DEFAULT NULL
) ENGINE=InnoDB DEFAULT CHARSET=latin1;

--
-- Dumping data for table `records`
--

INSERT INTO `records` (`id`, `patient_id`, `date`, `opd_no`, `department`, `physician`, `temperature`, `height`, `weight`, `blood_pressure`) VALUES
(1, 3, '2018-03-16', '003', 'In-Patien', 6, '37', '4\'7', '36', '100/140'),
(2, 4, '2018-03-14', '004', 'In-Patien', 5, '36', '5\'3', '50', '100/120'),
(3, 5, '2018-03-01', '004', 'In-Patien', 5, '38', '5\'6', '67', '100/120');

-- --------------------------------------------------------

--
-- Table structure for table `users`
--

CREATE TABLE `users` (
  `id` int(11) NOT NULL,
  `first_name` varchar(100) DEFAULT NULL,
  `middle_name` varchar(100) DEFAULT NULL,
  `last_name` varchar(100) DEFAULT NULL,
  `gender` varchar(6) DEFAULT NULL,
  `date_of_birth` date DEFAULT NULL,
  `age` int(100) DEFAULT NULL,
  `birth_place` varchar(200) DEFAULT NULL,
  `address` varchar(500) DEFAULT NULL,
  `education` varchar(500) DEFAULT NULL,
  `mobile_number` varchar(20) DEFAULT NULL,
  `civil_status` varchar(100) DEFAULT NULL,
  `nationality` varchar(100) DEFAULT NULL,
  `religion` varchar(100) DEFAULT NULL,
  `username` varchar(100) DEFAULT NULL,
  `password` varchar(100) DEFAULT NULL,
  `designation` varchar(100) DEFAULT NULL,
  `specialization` varchar(100) DEFAULT NULL,
  `groups` int(11) DEFAULT NULL
) ENGINE=InnoDB DEFAULT CHARSET=latin1;

--
-- Dumping data for table `users`
--

INSERT INTO `users` (`id`, `first_name`, `middle_name`, `last_name`, `gender`, `date_of_birth`, `age`, `birth_place`, `address`, `education`, `mobile_number`, `civil_status`, `nationality`, `religion`, `username`, `password`, `designation`, `specialization`, `groups`) VALUES
(1, 'Bruno', 'B', 'Mars', 'Male', NULL, NULL, NULL, NULL, NULL, NULL, NULL, NULL, NULL, 'admin', 'admin', NULL, NULL, 1),
(2, 'John', 'J', 'Jey', NULL, NULL, NULL, NULL, NULL, NULL, NULL, NULL, NULL, NULL, 'user', 'user', NULL, NULL, 3),
(3, 'Docsa', 'docs', 'docdf', NULL, NULL, NULL, NULL, NULL, NULL, NULL, NULL, NULL, NULL, 'doc', 'doc', NULL, NULL, 4);

--
-- Indexes for dumped tables
--

--
-- Indexes for table `diagnosis`
--
ALTER TABLE `diagnosis`
  ADD PRIMARY KEY (`id`),
  ADD KEY `record_id` (`record_id`);

--
-- Indexes for table `follow_ups`
--
ALTER TABLE `follow_ups`
  ADD PRIMARY KEY (`id`),
  ADD KEY `record_id` (`record_id`);

--
-- Indexes for table `groups`
--
ALTER TABLE `groups`
  ADD PRIMARY KEY (`group_id`);

--
-- Indexes for table `other_history`
--
ALTER TABLE `other_history`
  ADD PRIMARY KEY (`id`),
  ADD KEY `record_id` (`record_id`);

--
-- Indexes for table `patients`
--
ALTER TABLE `patients`
  ADD PRIMARY KEY (`id`);

--
-- Indexes for table `prescriptions`
--
ALTER TABLE `prescriptions`
  ADD PRIMARY KEY (`id`),
  ADD KEY `record_id` (`record_id`);

--
-- Indexes for table `records`
--
ALTER TABLE `records`
  ADD PRIMARY KEY (`id`),
  ADD KEY `patient_id` (`patient_id`),
  ADD KEY `physician` (`physician`);

--
-- Indexes for table `users`
--
ALTER TABLE `users`
  ADD PRIMARY KEY (`id`);

--
-- AUTO_INCREMENT for dumped tables
--

--
-- AUTO_INCREMENT for table `diagnosis`
--
ALTER TABLE `diagnosis`
  MODIFY `id` int(11) NOT NULL AUTO_INCREMENT, AUTO_INCREMENT=4;
--
-- AUTO_INCREMENT for table `follow_ups`
--
ALTER TABLE `follow_ups`
  MODIFY `id` int(11) NOT NULL AUTO_INCREMENT, AUTO_INCREMENT=4;
--
-- AUTO_INCREMENT for table `groups`
--
ALTER TABLE `groups`
  MODIFY `group_id` int(11) NOT NULL AUTO_INCREMENT, AUTO_INCREMENT=5;
--
-- AUTO_INCREMENT for table `other_history`
--
ALTER TABLE `other_history`
  MODIFY `id` int(11) NOT NULL AUTO_INCREMENT, AUTO_INCREMENT=4;
--
-- AUTO_INCREMENT for table `patients`
--
ALTER TABLE `patients`
  MODIFY `id` int(11) NOT NULL AUTO_INCREMENT, AUTO_INCREMENT=6;
--
-- AUTO_INCREMENT for table `prescriptions`
--
ALTER TABLE `prescriptions`
  MODIFY `id` int(11) NOT NULL AUTO_INCREMENT, AUTO_INCREMENT=3;
--
-- AUTO_INCREMENT for table `records`
--
ALTER TABLE `records`
  MODIFY `id` int(11) NOT NULL AUTO_INCREMENT, AUTO_INCREMENT=4;
--
-- AUTO_INCREMENT for table `users`
--
ALTER TABLE `users`
  MODIFY `id` int(11) NOT NULL AUTO_INCREMENT, AUTO_INCREMENT=4;
--
-- Constraints for dumped tables
--

--
-- Constraints for table `diagnosis`
--
ALTER TABLE `diagnosis`
  ADD CONSTRAINT `diagnosis_ibfk_1` FOREIGN KEY (`record_id`) REFERENCES `records` (`id`) ON DELETE CASCADE ON UPDATE NO ACTION;

--
-- Constraints for table `follow_ups`
--
ALTER TABLE `follow_ups`
  ADD CONSTRAINT `follow_ups_ibfk_1` FOREIGN KEY (`record_id`) REFERENCES `records` (`id`) ON DELETE CASCADE ON UPDATE NO ACTION;

--
-- Constraints for table `other_history`
--
ALTER TABLE `other_history`
  ADD CONSTRAINT `other_history_ibfk_1` FOREIGN KEY (`record_id`) REFERENCES `records` (`id`) ON DELETE CASCADE ON UPDATE NO ACTION;

--
-- Constraints for table `prescriptions`
--
ALTER TABLE `prescriptions`
  ADD CONSTRAINT `prescriptions_ibfk_1` FOREIGN KEY (`record_id`) REFERENCES `records` (`id`) ON DELETE CASCADE ON UPDATE NO ACTION;

--
-- Constraints for table `records`
--
ALTER TABLE `records`
  ADD CONSTRAINT `records_ibfk_1` FOREIGN KEY (`patient_id`) REFERENCES `patients` (`id`) ON DELETE CASCADE ON UPDATE NO ACTION,
  ADD CONSTRAINT `records_ibfk_2` FOREIGN KEY (`physician`) REFERENCES `users` (`id`) ON DELETE NO ACTION ON UPDATE NO ACTION;

/*!40101 SET CHARACTER_SET_CLIENT=@OLD_CHARACTER_SET_CLIENT */;
/*!40101 SET CHARACTER_SET_RESULTS=@OLD_CHARACTER_SET_RESULTS */;
/*!40101 SET COLLATION_CONNECTION=@OLD_COLLATION_CONNECTION */;
